seller,vehicle,country,address,id_annuncio,asking_price,conditional_on_price,price,link_annuncio,vehicle_user_desc
StarEmilia,smart forTwo,IT,40033 Casalecchio di Reno - Bologna - Bo,81097bdb-4ab0-415f-bfe9-7b49a9760c70,"€ 22.490,- 12",12,22490,https://www.autoscout24.it/annunci/smart-fortwo-eq-british-green-elettrica-verde-81097bdb-4ab0-415f-bfe9-7b49a9760c70?cldtidx=1&cldtsrc=listPage,EQ British Green
Giacobbe Automobili srl,Renault Twingo,Carlotta Giacobbe,IT,da074332-9033-4c69-bb5d-d3e83dfde12a,"€ 11.186,- 2",2,11186,https://www.autoscout24.it/annunci/renault-twingo-electric-zen-prenotala-con--100-elettrica-blu-azzurro-da074332-9033-4c69-bb5d-d3e83dfde12a?cldtidx=2&cldtsrc=listPage,ELECTRIC ZEN *PRENOTALA CON € 100*
AUTOCROCETTA SPA - FILIALE BIELLA,MINI Cooper,IT,13900 Biella - Bi,a4bcdd78-9520-46d4-b27c-161b870e94ae,"€ 34.900,- 12",12,34900,https://www.autoscout24.it/annunci/mini-cooper-se-xl-elettrica-argento-a4bcdd78-9520-46d4-b27c-161b870e94ae?cldtidx=3&cldtsrc=listPage,SE XL
AUTOCROCETTA SPA,MINI Cooper,IT,10024 Moncalieri - Torino - To,b5229cbc-04f7-44e8-b7da-68ad9327ac2d,"€ 34.900,- 12",12,34900,https://www.autoscout24.it/annunci/mini-cooper-se-xl-elettrica-nero-b5229cbc-04f7-44e8-b7da-68ad9327ac2d?cldtidx=4&cldtsrc=listPage,SE XL
Campello Motors,Altro XEV,IT,30174 Mestre - Ve,e74fc24f-2f2b-4219-812f-2fa43dc2e923,"€ 7.300,- 2",2,7300,https://www.autoscout24.it/annunci/others-xev-kitty-100-elettrica-autonomia-fino-150km-elettrica-bianco-e74fc24f-2f2b-4219-812f-2fa43dc2e923?cldtidx=5&cldtsrc=listPage,Kitty 100% ELETTRICA | Autonomia fino 150km
Autodiretto Srl,Aixam City,IT,24126 Bergamo,4f3dadca-885e-461b-a69f-502f87ceed9f,"€ 12.999,- 12",12,12999,https://www.autoscout24.it/annunci/aixam-city-e-city-premium-elettrica-bianco-4f3dadca-885e-461b-a69f-502f87ceed9f?cldtidx=6&cldtsrc=listPage,e-City Premium
Nextem Italia srl,Zhidou D2S,Emiliano Niccolai,IT,86ff953b-c0ba-4056-95f8-afd2286d024f,"€ 19.900,- 12",12,19900,https://www.autoscout24.it/annunci/zhidou-d2s-ant-el7-elettrica-nero-86ff953b-c0ba-4056-95f8-afd2286d024f?cldtidx=7&cldtsrc=listPage,Ant EL7
Nextem Italia srl,Zhidou D2S,IT,57126 Livorno - LI,6fd038df-aada-4e90-b985-5cd9620a60c8,"€ 21.900,- 2",2,21900,https://www.autoscout24.it/annunci/zhidou-d2s-colibri-el7-elettrica-rosso-6fd038df-aada-4e90-b985-5cd9620a60c8?cldtidx=8&cldtsrc=listPage,Colibri EL7
Nextem Italia srl,Zhidou D2S,Emiliano Niccolai,IT,b8fcc21e-64dd-4311-8a11-867b0d9c2926,"€ 18.900,- 12",12,18900,https://www.autoscout24.it/annunci/zhidou-d2s-geko-el7-elettrica-bianco-b8fcc21e-64dd-4311-8a11-867b0d9c2926?cldtidx=9&cldtsrc=listPage,Geko EL7
Nextem Italia srl,Zhidou D2S,IT,57126 Livorno - LI,af39c39f-86ad-44d3-82de-de6c18da60d5,"€ 24.900,- 12",12,24900,https://www.autoscout24.it/annunci/zhidou-d2s-owl-m1-elettrica-bianco-af39c39f-86ad-44d3-82de-de6c18da60d5?cldtidx=10&cldtsrc=listPage,Owl M1
Nextem Italia srl,Zhidou D2S,Emiliano Niccolai,IT,41312282-09c8-44a1-82c1-1072db06e451,"€ 22.900,- 12",12,22900,https://www.autoscout24.it/annunci/zhidou-d2s-bee-m1-elettrica-rosso-41312282-09c8-44a1-82c1-1072db06e451?cldtidx=11&cldtsrc=listPage,Bee M1
StarEmilia,smart forTwo,IT,44124 Ferrara - Fe,d3b90517-0c6b-4cd7-9dd1-409f07654d20,"€ 21.990,- 12",12,21990,https://www.autoscout24.it/annunci/smart-fortwo-eq-prime-elettrica-beige-d3b90517-0c6b-4cd7-9dd1-409f07654d20?cldtidx=12&cldtsrc=listPage,EQ Prime
StarEmilia,smart forTwo,IT,40033 Casalecchio di Reno - Bologna - Bo,5e51b2ec-4559-4a01-b4e9-bcbf19a5385e,"€ 22.090,- 12",12,22090,https://www.autoscout24.it/annunci/smart-fortwo-eq-pulse-elettrica-grigio-5e51b2ec-4559-4a01-b4e9-bcbf19a5385e?cldtidx=13&cldtsrc=listPage,EQ Pulse
Autoserenissima Padova,Honda e,IT,35127 Padova - Pd,02e51b88-b60a-47a6-a650-aedab44825d8,"€ 38.500,- 2",2,38500,https://www.autoscout24.it/annunci/honda-e-honda-electric-elettrica-bianco-02e51b88-b60a-47a6-a650-aedab44825d8?cldtidx=14&cldtsrc=listPage,Honda electric
Autoserenissima Vicenza,Honda e,IT,36100 Vicenza,6ccdb714-6168-40ab-b383-b6cfab61738c,"€ 38.500,- 2",2,38500,https://www.autoscout24.it/annunci/honda-e-honda-electric-elettrica-bianco-6ccdb714-6168-40ab-b383-b6cfab61738c?cldtidx=15&cldtsrc=listPage,Honda electric
Carelli & Bussola Srl,Honda e,IT,56100 Ospedaletto - Pisa - Pi,da36da73-060f-4394-ac8b-1e8f4dd4cfd5,"€ 28.500,- 2",2,28500,https://www.autoscout24.it/annunci/honda-e-elettrica-bianco-da36da73-060f-4394-ac8b-1e8f4dd4cfd5?cldtidx=16&cldtsrc=listPage,
AUTO IKARO SRL,MINI Cooper SE,IT,39100 Bolzano - Bz,cdddcb97-2e58-47a5-b8fd-fc1312035070,"€ 34.950,- 12",12,34950,https://www.autoscout24.it/annunci/mini-cooper-se-mini-xl-136kw-vettura-nuova-da-immatricolare-elettrica-blu-azzurro-cdddcb97-2e58-47a5-b8fd-fc1312035070?cldtidx=17&cldtsrc=listPage,Mini XL 136KW VETTURA NUOVA DA IMMATRICOLARE
AUTO IKARO SRL,MINI Cooper SE,IT,39100 Bolzano - Bz,5701ea4f-5ce3-4778-b108-8c3d1baebd4b,"€ 32.900,- 12",12,32900,https://www.autoscout24.it/annunci/mini-cooper-se-mini-l-136kw-vettura-nuova-da-immatricolare-elettrica-argento-5701ea4f-5ce3-4778-b108-8c3d1baebd4b?cldtidx=18&cldtsrc=listPage,Mini L 136KW VETTURA NUOVA DA IMMATRICOLARE
StarEmilia,smart forTwo,IT,44124 Ferrara - Fe,0184d51d-bcbd-4ebf-8bb5-0cacf4c3007b,"€ 21.690,- 12",12,21690,https://www.autoscout24.it/annunci/smart-fortwo-eq-pulse-elettrica-argento-0184d51d-bcbd-4ebf-8bb5-0cacf4c3007b?cldtidx=19&cldtsrc=listPage,EQ Pulse
StarEmilia,smart forTwo,IT,40033 Casalecchio di Reno - Bologna - Bo,69c562fb-6e52-442f-9d99-12066f1bc7c0,"€ 21.690,- 12",12,21690,https://www.autoscout24.it/annunci/smart-fortwo-eq-pulse-elettrica-argento-69c562fb-6e52-442f-9d99-12066f1bc7c0?cldtidx=20&cldtsrc=listPage,EQ Pulse
StarEmilia,smart forTwo,IT,40033 Casalecchio di Reno - Bologna - Bo,68236dea-5a0d-42b8-9ef5-c654b7a7fca0,"€ 21.990,- 12",12,21990,https://www.autoscout24.it/annunci/smart-fortwo-eq-prime-elettrica-beige-68236dea-5a0d-42b8-9ef5-c654b7a7fca0?cldtidx=1&cldtsrc=listPage,EQ Prime
StarEmilia,smart forTwo,IT,40033 Casalecchio di Reno - Bologna - Bo,c45699f3-d0d3-4975-9ed1-3255ee424fa8,"€ 20.190,- 12",12,20190,https://www.autoscout24.it/annunci/smart-fortwo-eq-passion-elettrica-nero-c45699f3-d0d3-4975-9ed1-3255ee424fa8?cldtidx=2&cldtsrc=listPage,EQ Passion
StarEmilia,smart forTwo,IT,40033 Casalecchio di Reno - Bologna - Bo,b53ce780-f49c-46be-ab73-08e2cdfb48a8,"€ 32.500,- 12",12,32500,https://www.autoscout24.it/annunci/smart-fortwo-eq-edition-one-elettrica-grigio-b53ce780-f49c-46be-ab73-08e2cdfb48a8?cldtidx=3&cldtsrc=listPage,EQ Edition One
StarEmilia,smart forTwo,IT,44124 Ferrara - Fe,4b138a47-6c33-49d4-b058-ecc9f64c8528,"€ 20.190,- 12",12,20190,https://www.autoscout24.it/annunci/smart-fortwo-eq-passion-elettrica-nero-4b138a47-6c33-49d4-b058-ecc9f64c8528?cldtidx=4&cldtsrc=listPage,EQ Passion
StarEmilia,smart forTwo,IT,44124 Ferrara - Fe,ac1e6b24-11d2-42a2-b47f-64b5569c1242,"€ 22.090,- 12",12,22090,https://www.autoscout24.it/annunci/smart-fortwo-eq-pulse-elettrica-grigio-ac1e6b24-11d2-42a2-b47f-64b5569c1242?cldtidx=5&cldtsrc=listPage,EQ Pulse
StarEmilia,smart forTwo,IT,44124 Ferrara - Fe,6c2f6a8e-8cbf-451f-8d0a-c46dc637e69f,"€ 32.500,- 12",12,32500,https://www.autoscout24.it/annunci/smart-fortwo-eq-edition-one-elettrica-grigio-6c2f6a8e-8cbf-451f-8d0a-c46dc637e69f?cldtidx=6&cldtsrc=listPage,EQ Edition One
Opel M.B. Car Snc,Tazzari EV Zero Junior,IT,20832 Desio - Monza Brianza - Mb,b2b568eb-d791-4299-b609-65118fce02b9,"€ 13.800,- 12",12,13800,https://www.autoscout24.it/annunci/tazzari-ev-zero-junior-zero-junior-ecoincentivi-pari-a-4000-euro-elettrica-grigio-b2b568eb-d791-4299-b609-65118fce02b9?cldtidx=7&cldtsrc=listPage,ZERO JUNIOR ECOINCENTIVI PARI A 4000 EURO!!!!!!!!
Bonera Spa,smart forTwo,IT,25135 Brescia - Bs,dfc93a2f-bd75-44fb-9968-dc3fb51fb7d5,"€ 24.600,- 12",12,24600,https://www.autoscout24.it/annunci/smart-fortwo-cabrio-eq-ushuaia-elettrica-argento-dfc93a2f-bd75-44fb-9968-dc3fb51fb7d5?cldtidx=1&cldtsrc=listPage,Cabrio eq Ushuaia
Carraro Spa,smart forTwo,Servizio clienti,IT,57f2a4d5-2c86-48d6-b302-b8c9567f2454,"€ 21.900,- 12",12,21900,https://www.autoscout24.it/annunci/smart-fortwo-eq-cabrio-pure-elettrica-nero-57f2a4d5-2c86-48d6-b302-b8c9567f2454?cldtidx=2&cldtsrc=listPage,EQ cabrio Pure
Lodauto Spa,smart forTwo,Servizio Clienti,IT,af2c5d0c-8637-4241-8cb2-f2374ebbdcd0,"€ 26.200,- 2",2,26200,https://www.autoscout24.it/annunci/smart-fortwo-eq-cabrio-pulse-elettrica-grigio-af2c5d0c-8637-4241-8cb2-f2374ebbdcd0?cldtidx=3&cldtsrc=listPage,EQ cabrio Pulse
StarEmilia,smart forTwo,IT,44124 Ferrara - Fe,82b06eb7-9f5e-4938-988d-d4d1b5d5695a,"€ 23.990,- 12",12,23990,https://www.autoscout24.it/annunci/smart-fortwo-eq-cabrio-pulse-elettrica-argento-82b06eb7-9f5e-4938-988d-d4d1b5d5695a?cldtidx=4&cldtsrc=listPage,EQ cabrio Pulse
StarEmilia,smart forTwo,IT,40033 Casalecchio di Reno - Bologna - Bo,afc76ee1-cb3f-4b96-8287-e829f0c741fb,"€ 23.990,- 12",12,23990,https://www.autoscout24.it/annunci/smart-fortwo-eq-cabrio-pulse-elettrica-grigio-afc76ee1-cb3f-4b96-8287-e829f0c741fb?cldtidx=5&cldtsrc=listPage,EQ cabrio Pulse
Villa Motors House Srl,HUMMER,IT,23885 Calco - Lecco - Lc,f065d2f8-0cf8-4bc5-a090-bf8841f036ba,"€ 25.000,- 12",12,25000,https://www.autoscout24.it/annunci/hummer-others-mini-hummer-elettrico-hxt-guidabile-a-14-anni-elettrica-nero-f065d2f8-0cf8-4bc5-a090-bf8841f036ba?cldtidx=6&cldtsrc=listPage,MINI HUMMER ELETTRICO HXT GUIDABILE A 14 ANNI
Carraro Spa,smart forTwo,Servizio clienti,IT,0b117a4e-a652-41b1-8ea6-42e4284446df,"€ 24.400,- 12",12,24400,https://www.autoscout24.it/annunci/smart-fortwo-eq-fortwo-eq-lightrunner-elettrica-nero-0b117a4e-a652-41b1-8ea6-42e4284446df?cldtidx=1&cldtsrc=listPage,EQ fortwo EQ Lightrunner
Carraro Spa,smart forTwo,IT,31100 Treviso - Tv,3f134394-0ffc-45c6-a880-3abb9928a551,"€ 24.400,- 12",12,24400,https://www.autoscout24.it/annunci/smart-fortwo-eq-fortwo-eq-lightrunner-elettrica-verde-3f134394-0ffc-45c6-a880-3abb9928a551?cldtidx=2&cldtsrc=listPage,EQ fortwo EQ Lightrunner
Carraro Spa,smart forTwo,IT,31100 Treviso - Tv,f35e7a36-24d6-4987-8482-55ce5d4ebcb4,"€ 24.400,- 12",12,24400,https://www.autoscout24.it/annunci/smart-fortwo-eq-fortwo-eq-lightrunner-elettrica-nero-f35e7a36-24d6-4987-8482-55ce5d4ebcb4?cldtidx=3&cldtsrc=listPage,EQ fortwo EQ Lightrunner
Carraro Spa,smart forTwo,IT,31100 Treviso - Tv,461a6eb3-259a-448b-8e4f-b3705b9078ed,"€ 24.400,- 12",12,24400,https://www.autoscout24.it/annunci/smart-fortwo-eq-fortwo-eq-berlin-black-elettrica-verde-461a6eb3-259a-448b-8e4f-b3705b9078ed?cldtidx=4&cldtsrc=listPage,EQ fortwo EQ berlin black
Carraro Spa,smart forTwo,Servizio clienti,IT,159c64c0-109e-4f49-99ba-eec24c349bda,"€ 22.800,- 12",12,22800,https://www.autoscout24.it/annunci/smart-fortwo-eq-fortwo-eq-lightrunner-elettrica-rosso-159c64c0-109e-4f49-99ba-eec24c349bda?cldtidx=5&cldtsrc=listPage,EQ fortwo EQ Lightrunner
Carraro Spa,smart forTwo,IT,31100 Treviso - Tv,f889758e-5ed2-455d-a38b-6a680cd05c7e,"€ 22.500,- 12",12,22500,https://www.autoscout24.it/annunci/smart-fortwo-eq-fortwo-eq-lightrunner-elettrica-bronzo-f889758e-5ed2-455d-a38b-6a680cd05c7e?cldtidx=6&cldtsrc=listPage,EQ fortwo EQ Lightrunner
Autocentauro Torino,smart forTwo,IT,10154 Torino - To,b02390bc-b8c5-473e-9750-018c210e810e,"€ 27.490,- 12",12,27490,https://www.autoscout24.it/annunci/smart-fortwo-eq-edition-one-elettrica-grigio-b02390bc-b8c5-473e-9750-018c210e810e?cldtidx=7&cldtsrc=listPage,EQ Edition One
Gino Spa,Altro,IT,12100 Cuneo - Cn,ef08c3c4-95a1-4f49-94cd-9ce359ac1fcc,"€ 87.922,- 12",12,87922,https://www.autoscout24.it/annunci/others-others-eq-elettrica-blu-azzurro-ef08c3c4-95a1-4f49-94cd-9ce359ac1fcc?cldtidx=1&cldtsrc=listPage,EQ
Selecar Novara,Audi e-tron,IT,28100 Novara - No,93a18f02-c5e8-4dcc-a6f3-24b078ca436b,"€ 77.900,- 12",12,77900,https://www.autoscout24.it/annunci/audi-e-tron-50-quattro-s-line-edition-elettrica-nero-93a18f02-c5e8-4dcc-a6f3-24b078ca436b?cldtidx=2&cldtsrc=listPage,50 quattro S line edition
Selecar Novara,Audi e-tron,IT,28100 Novara - No,4193362e-3288-4004-bd43-ab6c9e7845c1,"€ 79.800,- 12",12,79800,https://www.autoscout24.it/annunci/audi-e-tron-50-quattro-s-line-edition-elettrica-nero-4193362e-3288-4004-bd43-ab6c9e7845c1?cldtidx=3&cldtsrc=listPage,50 quattro S line edition
BONERA SPA,BMW,IT,25135 Brescia,e2cefb4e-687a-4b59-bba7-98175a425d3b,"€ 80.750,- 12",12,80750,https://www.autoscout24.it/annunci/bmw-bev-impressive-elettrica-nero-e2cefb4e-687a-4b59-bba7-98175a425d3b?cldtidx=4&cldtsrc=listPage,bev Impressive
Guidi Car Srl,Mercedes-Benz EQC 400,IT,55100 Lucca - Lu,b4f0343a-af5f-41d5-b410-cda9ced858bb,"€ 83.900,- 12",12,83900,https://www.autoscout24.it/annunci/mercedes-benz-eqc-400-eqc-400-4-matic-elettrica-bianco-b4f0343a-af5f-41d5-b410-cda9ced858bb?cldtidx=5&cldtsrc=listPage,EQC 400 4 MATIC
Gidauto Srl,Jaguar I-Pace,IT,31050 Villorba - Treviso - Tv,1db36046-e6cb-4701-8dc1-9617b7dae2ec,"€ 80.690,- 12",12,80690,https://www.autoscout24.it/annunci/jaguar-i-pace-ev400-auto-awd-se-elettrica-grigio-1db36046-e6cb-4701-8dc1-9617b7dae2ec?cldtidx=6&cldtsrc=listPage,EV400 Auto AWD SE
Auto Smile Srl,Hyundai Kona,IT,26826 Secugnago - Lodi,45bd92f9-da86-49e8-8f11-c14f6c81f0cc,"€ 34.000,- 2",2,34000,https://www.autoscout24.it/annunci/hyundai-kona-ev-64-kwh-xprime-elettrica-rosso-45bd92f9-da86-49e8-8f11-c14f6c81f0cc?cldtidx=7&cldtsrc=listPage,EV 64 kWh XPrime
Automobili Coero Borga Srl,Peugeot 2008,IT,12032 Barge - Cuneo - Cn,8b9eb0c1-17d6-4b7b-bd4e-bd11e35ec93f,"€ 33.200,- 12",12,33200,https://www.autoscout24.it/annunci/peugeot-2008-motore-elettrico-136-cv-gt-elettrica-blu-azzurro-8b9eb0c1-17d6-4b7b-bd4e-bd11e35ec93f?cldtidx=8&cldtsrc=listPage,motore elettrico 136 CV GT
Rimpex Srl,Hyundai Kona,IT,20063 Cernusco sul Naviglio - Milano - Mi,79003574-f0ac-4910-a599-e6c8482468e7,"€ 36.650,- 2",2,36650,https://www.autoscout24.it/annunci/hyundai-kona-xprime-safety-pack-techno-pack-elettrica-bianco-79003574-f0ac-4910-a599-e6c8482468e7?cldtidx=9&cldtsrc=listPage,XPRIME + SAFETY PACK + TECHNO PACK
Automobili De Pieri,Audi Q3,IT,31033 Castelfranco Veneto - Treviso,54e34369-c8bb-41b7-b358-2daca50f0d04,"€ 49.500,- 12",12,49500,https://www.autoscout24.it/annunci/audi-q3-sportback-35-tfsi-s-tronic-business-plus-mild-hybr-elettrica-argento-54e34369-c8bb-41b7-b358-2daca50f0d04?cldtidx=10&cldtsrc=listPage,Sportback 35 TFSI S tronic Business Plus Mild hybr
Automobili De Pieri,Audi Q3,IT,31033 Castelfranco Veneto - Treviso,b7c28773-0452-4180-af1d-eb02a0fc66f6,"€ 48.000,- 12",12,48000,https://www.autoscout24.it/annunci/audi-q3-35-tfsi-s-tronic-business-advanced-mild-hybrid-elettrica-grigio-b7c28773-0452-4180-af1d-eb02a0fc66f6?cldtidx=11&cldtsrc=listPage,35 TFSI S tronic Business Advanced mild hybrid
Guidi Car Srl,Mercedes-Benz EQC 400,IT,54100 Massa - Ms,48b6bc26-342f-43c3-8726-238c668905e5,"€ 83.900,- 12",12,83900,https://www.autoscout24.it/annunci/mercedes-benz-eqc-400-eqc-400-4-matic-elettrica-bianco-48b6bc26-342f-43c3-8726-238c668905e5?cldtidx=12&cldtsrc=listPage,EQC 400 4 MATIC
Garage Sesia Srl,Hyundai Kona,IT,13030 Caresanablot - Vercelli - Vc,4b73c56c-cf96-4720-bbcd-f1b801a82417,"€ 26.000,- 2",2,26000,https://www.autoscout24.it/annunci/hyundai-kona-39-kw-xprime-plus-safety-pack-elettrica-bianco-4b73c56c-cf96-4720-bbcd-f1b801a82417?cldtidx=13&cldtsrc=listPage,39 KW xPrime Plus + Safety pack
Autosilver,Mercedes-Benz 400,IT,37135 Verona - Vr,1c086027-9347-4683-9759-ce14cb9a7887,"€ 77.500,- 12",12,77500,https://www.autoscout24.it/annunci/mercedes-benz-400-4matic-sport-edition-1886-listino--88-950-elettrica-argento-1c086027-9347-4683-9759-ce14cb9a7887?cldtidx=14&cldtsrc=listPage,4Matic Sport Edition 1886 LISTINO € 88.950
Agricar SpA Vetture Nuove,Mercedes-Benz EQC 400,IT,25010 San Zeno Naviglio - Brescia - BS,a501ddfd-fce8-42ea-93bc-1170ae81f198,"€ 92.900,- 12",12,92900,https://www.autoscout24.it/annunci/mercedes-benz-eqc-400-400-4matic-premium-list-96-200-elettrica-nero-a501ddfd-fce8-42ea-93bc-1170ae81f198?cldtidx=15&cldtsrc=listPage,400 4Matic Premium LIST. 96.200€
Forer Car Snc,Others,IT,10060 San secondo di Pinerolo TO,02757423-2a46-45bf-ab03-186456ccae98,"€ 21.900,- 2",2,21900,https://www.autoscout24.it/annunci/116-cv-elettrica-nero-02757423-2a46-45bf-ab03-186456ccae98?cldtidx=16&cldtsrc=listPage,116 CV
R.S. Auto Spa,Ford Kuga,IT,26013 Crema - Cremona - Cr,7691a1fa-d12e-4f64-acd8-e00dce1f5cc1,"€ 29.790,- 2",2,29790,https://www.autoscout24.it/annunci/ford-kuga-2-5-plug-in-hybrid-225-cv-cvt-2wd-titanium-elettrica-nero-7691a1fa-d12e-4f64-acd8-e00dce1f5cc1?cldtidx=17&cldtsrc=listPage,2.5 Plug In Hybrid 225 CV CVT 2WD Titanium
Dal Barco Srl,Audi e-tron,IT,37047 San Bonifacio - Verona - Vr,949bbc01-c4f5-4cdd-a9dd-bacfcb57c292,"€ 84.900,- 2",2,84900,https://www.autoscout24.it/annunci/audi-e-tron-sportback-s-line-edition-50-quattro-elettrica-grigio-949bbc01-c4f5-4cdd-a9dd-bacfcb57c292?cldtidx=18&cldtsrc=listPage,Sportback S line edition 50 quattro
Crema Diesel Lodi,Mercedes-Benz EQC 400,IT,26854 Pieve Fissiraga - Lodi,1ff07ee6-c56e-4d09-85bd-93924c708a99,"€ 91.400,- 12",12,91400,https://www.autoscout24.it/annunci/mercedes-benz-eqc-400-4matic-premium-elettrica-bianco-1ff07ee6-c56e-4d09-85bd-93924c708a99?cldtidx=19&cldtsrc=listPage,4Matic Premium
Ghiraldo E Autoin Srl,Peugeot 2008,Ufficio Vendite,IT,9d53c352-1a7a-4296-aac9-726becc97bfa,"€ 33.700,- 12",12,33700,https://www.autoscout24.it/annunci/peugeot-2008-motore-elettrico-136-cv-gt-elettrica-blu-azzurro-9d53c352-1a7a-4296-aac9-726becc97bfa?cldtidx=20&cldtsrc=listPage,motore elettrico 136 CV GT
Scotti & co. srl,Audi e-tron,IT,57121 Livorno,f4bba57e-87bb-4399-9856-f9c8feb447e5,"€ 82.600,- 1",1,82600,https://www.autoscout24.it/annunci/audi-e-tron-spb-50-quattro-s-line-edition-elettrica-nero-f4bba57e-87bb-4399-9856-f9c8feb447e5?cldtidx=1&cldtsrc=listPage,SPB 50 quattro S line edition
Agricar SpA Vetture Nuove,Mercedes-Benz EQC 400,Elisa Buttani,IT,c164c8d0-9785-4a45-878a-666ee5c1c2e0,"€ 89.600,- 31",31,89600,https://www.autoscout24.it/annunci/mercedes-benz-eqc-400-400-4matic-premium-list-95-367-elettrica-bianco-c164c8d0-9785-4a45-878a-666ee5c1c2e0?cldtidx=2&cldtsrc=listPage,400 4Matic Premium LIST.95.367€
Automagenta Srl,Kia Soul,IT,20013 Magenta - Milano,d86109c6-0d93-433e-bff6-a8eb618437ea,"€ 33.000,- 31",31,33000,https://www.autoscout24.it/annunci/kia-soul-elettrica-long-range-style-11kw-pronta-consegna-elettrica-blu-azzurro-d86109c6-0d93-433e-bff6-a8eb618437ea?cldtidx=3&cldtsrc=listPage,ELETTRICA LONG RANGE STYLE 11KW PRONTA CONSEGNA
Carraro Spa,Mercedes-Benz EQC 400,Servizio clienti,IT,001b9935-f42a-4f63-8284-73ab29c4e10f,"€ 89.700,- 31",31,89700,https://www.autoscout24.it/annunci/mercedes-benz-eqc-400-4matic-premium-elettrica-argento-001b9935-f42a-4f63-8284-73ab29c4e10f?cldtidx=4&cldtsrc=listPage,4Matic Premium
Carraro Spa,Mercedes-Benz EQC 400,Servizio clienti,IT,82f73ae0-e1ba-4b0e-a28d-dbbd5c924fce,"€ 92.700,- 31",31,92700,https://www.autoscout24.it/annunci/mercedes-benz-eqc-400-4matic-sport-elettrica-bianco-82f73ae0-e1ba-4b0e-a28d-dbbd5c924fce?cldtidx=5&cldtsrc=listPage,4Matic Sport
Bossoni Automobili Spa,Audi e-tron,IT,26100 Cremona - Cr,4e41b7f4-7e98-41bf-a878-61ba353cef8a,"€ 85.278,- 31",31,85278,https://www.autoscout24.it/annunci/audi-e-tron-sportback-50-quattro-my-20-elettrica-grigio-4e41b7f4-7e98-41bf-a878-61ba353cef8a?cldtidx=6&cldtsrc=listPage,SPORTBACK 50 QUATTRO MY 20
Carraro Spa,Mercedes-Benz EQC 400,Servizio clienti,IT,2e41becd-3e2b-4f4f-a343-d2246fca1bd2,"€ 86.900,- 31",31,86900,https://www.autoscout24.it/annunci/mercedes-benz-eqc-400-4matic-premium-elettrica-nero-2e41becd-3e2b-4f4f-a343-d2246fca1bd2?cldtidx=7&cldtsrc=listPage,4Matic Premium
Automagenta Srl,Kia Soul,IT,20013 Magenta - Milano,dda12f4c-d2a8-4182-8818-36c5da7a636d,"€ 35.950,- 31",31,35950,https://www.autoscout24.it/annunci/kia-soul-elettrica-long-range-style-suv-pack-obc-11kw-elettrica-bianco-dda12f4c-d2a8-4182-8818-36c5da7a636d?cldtidx=8&cldtsrc=listPage,ELETTRICA LONG RANGE STYLE SUV PACK OBC 11KW
Perin Auto Srl,Hyundai Kona,IT,36061 Bassano Del Grappa - Vicenza - Vi,cd44eb18-959e-41da-87ba-bf6742c07707,"€ 36.900,- 1",1,36900,https://www.autoscout24.it/annunci/hyundai-kona-ev-64-kwh-exellence-elettrica-bianco-cd44eb18-959e-41da-87ba-bf6742c07707?cldtidx=9&cldtsrc=listPage,EV 64 kWh Exellence
DS Store Bologna,DS Automobiles DS 3 Crossback,Ds Store Bologna,IT,3c1b374d-4a77-416b-8dfb-0cd85dd3c7ac,"€ 29.000,- 31",31,29000,https://www.autoscout24.it/annunci/ds-automobiles-ds-3-crossback-e-tense-so-chic-elettrica-grigio-3c1b374d-4a77-416b-8dfb-0cd85dd3c7ac?cldtidx=10&cldtsrc=listPage,E-Tense So Chic
Frav Srl,Audi e-tron,IT,36077 Altavilla Vicentina - Vicenza,aa545bc1-d75f-44be-9ad7-0105dd3a1d37,"€ 97.293,- 31",31,97293,https://www.autoscout24.it/annunci/audi-e-tron-spb-50-quattro-s-line-edition-elettrica-aa545bc1-d75f-44be-9ad7-0105dd3a1d37?cldtidx=11&cldtsrc=listPage,SPB 50 quattro S line edition
De Bona Motors Vicenza,Hyundai Kona,IT,36100 Vicenza,5a9d8312-788a-4b2d-bdb9-7175f3f44111,"€ 49.600,- 31",31,49600,https://www.autoscout24.it/annunci/hyundai-kona-64-kwh-ev-exellence-elettrica-5a9d8312-788a-4b2d-bdb9-7175f3f44111?cldtidx=12&cldtsrc=listPage,64 kWh EV Exellence
De Bona Motors Vicenza,Hyundai Kona,IT,36100 Vicenza,0e1d75ea-711f-4f14-b67a-a079568fcc5b,"€ 49.600,- 31",31,49600,https://www.autoscout24.it/annunci/hyundai-kona-64-kwh-ev-exellence-elettrica-0e1d75ea-711f-4f14-b67a-a079568fcc5b?cldtidx=13&cldtsrc=listPage,64 kWh EV Exellence
Vicentini Spa - Audi Zentrum Verona,Audi e-tron,IT,37139 Verona - Vr,eab772be-2807-4415-8e76-2bde6627ab51,"€ 89.100,- 31",31,89100,https://www.autoscout24.it/annunci/audi-e-tron-55-360cv-q-business-listino-103-362-elettrica-nero-eab772be-2807-4415-8e76-2bde6627ab51?cldtidx=14&cldtsrc=listPage,55 360CV Q. Business Listino: 103.362€
Stefauto Spa - Nuove,Mercedes-Benz EQC 400,Responsabile vendite,IT,64af9b4c-fccc-47b0-8b47-bb86bbecd5b5,"€ 86.900,- 31",31,86900,https://www.autoscout24.it/annunci/mercedes-benz-eqc-400-4matic-premium-elettrica-bianco-64af9b4c-fccc-47b0-8b47-bb86bbecd5b5?cldtidx=15&cldtsrc=listPage,4Matic Premium
Perin Auto Srl,Hyundai Kona,IT,36061 Bassano Del Grappa - Vicenza - Vi,f5509faa-c731-4d7f-97c3-e6fc34b63077,"€ 36.900,- 1",1,36900,https://www.autoscout24.it/annunci/hyundai-kona-ev-64-kwh-exellence-elettrica-bianco-f5509faa-c731-4d7f-97c3-e6fc34b63077?cldtidx=16&cldtsrc=listPage,EV 64 kWh Exellence
Audi Zentrum Treviso - Autopolar Spa,Audi e-tron,IT,31055 Quinto di Treviso - Tv,a08119c0-6c7a-4e2a-88af-48ae95b2f967,"€ 106.000,- 31",31,106000,https://www.autoscout24.it/annunci/audi-e-tron-spb-55-quattro-s-line-edition-elettrica-blu-azzurro-a08119c0-6c7a-4e2a-88af-48ae95b2f967?cldtidx=17&cldtsrc=listPage,SPB 55 QUATTRO S-LINE EDITION
Vicentini Spa - Audi Zentrum Verona,Audi e-tron,IT,37139 Verona - Vr,54eefc66-0bb7-49ad-b812-b4a96d856c63,"€ 102.800,- 31",31,102800,https://www.autoscout24.it/annunci/audi-e-tron-55-360cv-q-s-line-edition-elettrica-grigio-54eefc66-0bb7-49ad-b812-b4a96d856c63?cldtidx=18&cldtsrc=listPage,55 360CV Q. S Line Edition
Euromix Motors Srl,Jaguar I-Pace,IT,38100 Gardolo - Trento - Tn,dfe3cdf3-e55e-4ab8-b489-20625c478e01,"€ 84.600,- 31",31,84600,https://www.autoscout24.it/annunci/jaguar-i-pace-ev-kwh-400-cv-auto-awd-se-elettrica-nero-dfe3cdf3-e55e-4ab8-b489-20625c478e01?cldtidx=19&cldtsrc=listPage,EV kWh 400 CV Auto AWD SE
Auto Center Bianchi Srl,Peugeot 2008,IT,42035 Castelnovo ne Monti – Reggio Emilia – Re,f2910db7-73b4-4e1b-b37f-068c7869d5d8,"€ 33.750,- 1",1,33750,https://www.autoscout24.it/annunci/peugeot-2008-motore-elettrico-136-cv-gt-line-elettrica-blu-azzurro-f2910db7-73b4-4e1b-b37f-068c7869d5d8?cldtidx=20&cldtsrc=listPage,motore elettrico 136 CV GT Line
In Car Srl,Audi e-tron,IT,39100 Bolzano - Bz,65cbe95a-e282-4a23-a682-44f079c9a7a3,"€ 88.574,- 12",12,88574,https://www.autoscout24.it/annunci/audi-e-tron-e-tron-50-sportback-quattro-s-line-edition-elettrica-grigio-65cbe95a-e282-4a23-a682-44f079c9a7a3?cldtidx=1&cldtsrc=listPage,e-tron 50 sportback quattro S line edition
Quattrocar srl,Audi e-tron,IT,51100 Pistoia - PT,711b5664-b64a-4a3f-984b-1830db71ff62,"€ 79.900,- 2",2,79900,https://www.autoscout24.it/annunci/audi-e-tron-sportback-s-line-edition-50-quattro-230-00-kw-elettrica-grigio-711b5664-b64a-4a3f-984b-1830db71ff62?cldtidx=2&cldtsrc=listPage,"Sportback S line edition 50 quattro 230,00 kW"
Garage Sesia Srl,Hyundai Kona,IT,13030 Caresanablot - Vercelli - Vc,c3e11875-9b5a-4c3f-93a8-350043a46296,"€ 32.500,- 2",2,32500,https://www.autoscout24.it/annunci/hyundai-kona-64-kw-xprime-plus-safety-pack-tecno-pack-obc-elettrica-bianco-c3e11875-9b5a-4c3f-93a8-350043a46296?cldtidx=3&cldtsrc=listPage,64 KW xPrime Plus + Safety pack + Tecno pack + OBC
Saottini Auto Spa – Filiale di Desenzano,Audi e-tron,IT,25015 Desenzano del Garda - Brescia - Bs,5bff014b-c055-4f20-883a-1cb585332659,"€ 79.900,- 12",12,79900,https://www.autoscout24.it/annunci/audi-e-tron-sportback-50-quattro-list-98-500-elettrica-nero-5bff014b-c055-4f20-883a-1cb585332659?cldtidx=4&cldtsrc=listPage,Sportback 50 quattro list. 98.500€
Vicentini Spa - Audi Zentrum Verona,Audi e-tron,IT,37139 Verona - Vr,020e85cc-b0c1-4133-a324-e1f5cf3a6b72,"€ 86.400,- 12",12,86400,https://www.autoscout24.it/annunci/audi-e-tron-sb-50-313cv-q-s-line-edition-elettrica-nero-020e85cc-b0c1-4133-a324-e1f5cf3a6b72?cldtidx=5&cldtsrc=listPage,SB 50 313CV Q. S Line Edition
Vicentini Spa - Audi Zentrum Verona,Audi e-tron,IT,37139 Verona - Vr,9807e1a1-9acc-43cb-b135-a7a95b9fe63f,"€ 86.600,- 12",12,86600,https://www.autoscout24.it/annunci/audi-e-tron-sb-50-313cv-q-s-line-edition-elettrica-grigio-9807e1a1-9acc-43cb-b135-a7a95b9fe63f?cldtidx=6&cldtsrc=listPage,SB 50 313CV Q. S Line Edition
G.Villa Srl,Hyundai Kona,IT,20900 Monza - Monza Brianza - Mb,711553be-dd37-4e57-b211-4558e5250359,"€ 43.000,- 12",12,43000,https://www.autoscout24.it/annunci/hyundai-kona-ev-64-kwh-xprime-elettrica-arancione-711553be-dd37-4e57-b211-4558e5250359?cldtidx=7&cldtsrc=listPage,EV 64 kWh XPrime
Autocentauro Novara,Mercedes-Benz EQC 400,IT,28100 Novara - No,f82695ef-a14a-4d99-85c2-bf9785232a83,"€ 79.900,- 12",12,79900,https://www.autoscout24.it/annunci/mercedes-benz-eqc-400-4matic-sport-ed-limitata-1886-elettrica-grigio-f82695ef-a14a-4d99-85c2-bf9785232a83?cldtidx=8&cldtsrc=listPage,4Matic Sport ed. limitata 1886
Vicentini Spa - Audi Zentrum Verona,Audi e-tron,Cristian Buffi,IT,f4db92a8-8bc7-40fb-9361-c3ea19c61e51,"€ 106.300,- 12",12,106300,https://www.autoscout24.it/annunci/audi-e-tron-sb-55-360cv-q-edition-one-listino-120-052-elettrica-blu-azzurro-f4db92a8-8bc7-40fb-9361-c3ea19c61e51?cldtidx=9&cldtsrc=listPage,SB 55 360CV Q. Edition One Listino: 120.052€
Automagenta Srl,Kia Niro,Venditore Usato,IT,854e258b-9516-4991-9d8e-1872e4522231,"€ 36.950,- 12",12,36950,https://www.autoscout24.it/annunci/kia-niro-e-niro-elettrica-evolution-long-range-11kw-elettrica-blu-azzurro-854e258b-9516-4991-9d8e-1872e4522231?cldtidx=10&cldtsrc=listPage,E-NIRO ELETTRICA EVOLUTION LONG RANGE 11KW
Bonera Spa,Mercedes-Benz EQC 400,IT,25135 Brescia - Bs,a1718ab5-fc83-4d22-868a-e93b8f6fd85a,"€ 88.750,- 12",12,88750,https://www.autoscout24.it/annunci/mercedes-benz-eqc-400-premium-4matic-elettrica-nero-a1718ab5-fc83-4d22-868a-e93b8f6fd85a?cldtidx=11&cldtsrc=listPage,Premium 4matic
Crema Diesel Bagnolo,Mercedes-Benz EQC 400,Crema Diesel,IT,98efd272-9453-4ade-b45e-ec6b033c6209,"€ 87.300,- 12",12,87300,https://www.autoscout24.it/annunci/mercedes-benz-eqc-400-4matic-premium-pronta-consegna-elettrica-bianco-98efd272-9453-4ade-b45e-ec6b033c6209?cldtidx=12&cldtsrc=listPage,4Matic Premium (Pronta consegna)
Vicentini Spa - Audi Zentrum Verona,Audi e-tron,Cristian Buffi,IT,29996bfe-1d6a-4f0c-98cc-866d7bca111a,"€ 90.800,- 12",12,90800,https://www.autoscout24.it/annunci/audi-e-tron-55-360cv-q-business-listino-106-268-elettrica-29996bfe-1d6a-4f0c-98cc-866d7bca111a?cldtidx=13&cldtsrc=listPage,55 360CV Q. Business Listino: 106.268€
StarEmilia,Mercedes-Benz EQC 400,IT,40033 Casalecchio di Reno - Bologna - Bo,a76fb102-0f77-4ce2-ac42-2e19c046b4af,"€ 89.290,- 12",12,89290,https://www.autoscout24.it/annunci/mercedes-benz-eqc-400-4matic-premium-elettrica-nero-a76fb102-0f77-4ce2-ac42-2e19c046b4af?cldtidx=14&cldtsrc=listPage,4Matic Premium
StarEmilia,Mercedes-Benz 400,IT,44124 Ferrara - Fe,f3e53afc-833a-4906-8909-05aca72a513d,"€ 89.290,- 12",12,89290,https://www.autoscout24.it/annunci/mercedes-benz-400-4matic-premium-elettrica-nero-f3e53afc-833a-4906-8909-05aca72a513d?cldtidx=15&cldtsrc=listPage,4Matic Premium
Auto Azzurra Store Srl,DR Motor,IT,46029 Suzzara - Mantova - Mn,b171bcbd-4f4f-47a3-a3d1-3bbc6817872b,"€ 21.900,- 12",12,21900,https://www.autoscout24.it/annunci/dr-motor-electric-elettrica-nero-b171bcbd-4f4f-47a3-a3d1-3bbc6817872b?cldtidx=16&cldtsrc=listPage,Electric
Bianchessi Auto srl,Hyundai Kona,IT,26022 Castelverde- Cr,a4b57fa2-4b2f-43ca-a147-97cab3d17bea,"€ 41.000,- 2",2,41000,https://www.autoscout24.it/annunci/hyundai-kona-ev-64-kwh-xprime-elettrica-nero-a4b57fa2-4b2f-43ca-a147-97cab3d17bea?cldtidx=17&cldtsrc=listPage,EV 64 kWh XPrime+
StarEmilia,Mercedes-Benz 400,IT,44124 Ferrara - Fe,28b4bc83-5b71-4bb4-bc8a-4a21223c29ec,"€ 84.290,- 12",12,84290,https://www.autoscout24.it/annunci/mercedes-benz-400-4matic-sport-edition-1886-elettrica-argento-28b4bc83-5b71-4bb4-bc8a-4a21223c29ec?cldtidx=18&cldtsrc=listPage,4Matic Sport Edition 1886
StarEmilia,Mercedes-Benz EQC 400,IT,40033 Casalecchio di Reno - Bologna - Bo,8db5448e-025c-4e8b-966b-2727fa6315a6,"€ 79.890,- 12",12,79890,https://www.autoscout24.it/annunci/mercedes-benz-eqc-400-4matic-sport-edition-1886-elettrica-grigio-8db5448e-025c-4e8b-966b-2727fa6315a6?cldtidx=19&cldtsrc=listPage,4Matic Sport Edition 1886
Stracciari Spa,Ford Kuga,IT,40128 Bologna – Bo,cb369668-2002-43aa-829b-580875fabd51,"€ 36.550,- 2",2,36550,https://www.autoscout24.it/annunci/ford-kuga-2-5-plug-in-hybrid-225-cv-cvt-2wd-st-line-x-elettrica-grigio-cb369668-2002-43aa-829b-580875fabd51?cldtidx=20&cldtsrc=listPage,2.5 Plug In Hybrid 225 CV CVT 2WD ST-Line X
Dorigoni Spa,Audi e-tron,Vendita Nuovo e Usato,IT,1ad8e66e-7f69-422e-95c6-b45f378ce25e,"€ 77.000,- 1",1,77000,https://www.autoscout24.it/annunci/audi-e-tron-50-quattro-business-elettrica-grigio-1ad8e66e-7f69-422e-95c6-b45f378ce25e?cldtidx=1&cldtsrc=listPage,50 quattro Business
Agricar SpA Vetture Nuove,Mercedes-Benz EQC 400,Elisa Buttani,IT,7f07b7e7-b750-46a2-9aef-3f952f942d92,"€ 87.000,- 31",31,87000,https://www.autoscout24.it/annunci/mercedes-benz-eqc-400-400-4matic-premium-list-89-267-elettrica-nero-7f07b7e7-b750-46a2-9aef-3f952f942d92?cldtidx=2&cldtsrc=listPage,400 4Matic Premium LIST.89.267€
Agricar SpA Vetture Nuove,Mercedes-Benz EQC 400,Elisa Buttani,IT,d4a94b31-847e-43a5-9587-e6562720aa1e,"€ 86.900,- 31",31,86900,https://www.autoscout24.it/annunci/mercedes-benz-eqc-400-400-4matic-sport-list-90-210-elettrica-argento-d4a94b31-847e-43a5-9587-e6562720aa1e?cldtidx=3&cldtsrc=listPage,400 4Matic Sport LIST. 90.210€
In Car Srl,Audi e-tron,IT,39100 Bolzano - Bz,44fe99ee-ad10-4547-9c2d-e9ae4b06b5e5,"€ 88.510,- 31",31,88510,https://www.autoscout24.it/annunci/audi-e-tron-e-tron-50-quattro-s-line-edition-elettrica-bianco-44fe99ee-ad10-4547-9c2d-e9ae4b06b5e5?cldtidx=4&cldtsrc=listPage,e-tron 50 quattro S line edition
Stracciari Spa,Ford Kuga,IT,40128 Bologna – Bo,7ed83b16-f988-486b-83c0-644bc9579f95,"€ 32.750,- 1",1,32750,https://www.autoscout24.it/annunci/ford-kuga-2-5-plug-in-hybrid-225-cv-cvt-2wd-titanium-elettrica-nero-7ed83b16-f988-486b-83c0-644bc9579f95?cldtidx=5&cldtsrc=listPage,2.5 Plug In Hybrid 225 CV CVT 2WD Titanium
Saottini Auto Spa – Filiale di Desenzano,Audi e-tron,Responsabile Vendite,IT,ad333ecb-c66e-4dde-bfa7-8577847f77a3,"€ 79.000,- 31",31,79000,https://www.autoscout24.it/annunci/audi-e-tron-50-quattro-list-94-500-elettrica-grigio-ad333ecb-c66e-4dde-bfa7-8577847f77a3?cldtidx=6&cldtsrc=listPage,50 quattro list. 94.500
Vicentini Spa - Audi Zentrum Verona,Audi e-tron,IT,37139 Verona - Vr,95787df0-2988-44e6-b532-63e425d679ae,"€ 87.300,- 31",31,87300,https://www.autoscout24.it/annunci/audi-e-tron-55-360cv-q-business-listino-103-128-elettrica-rosso-95787df0-2988-44e6-b532-63e425d679ae?cldtidx=7&cldtsrc=listPage,55 360CV Q. Business Listino: 103.128€
De Stefani Spa,Mercedes-Benz EQC 400,Servizio Clienti,IT,8fe0f602-7e2e-4c25-a7e3-a1335acbfe15,"€ 89.390,- 31",31,89390,https://www.autoscout24.it/annunci/mercedes-benz-eqc-400-400-4matic-premium-elettrica-nero-8fe0f602-7e2e-4c25-a7e3-a1335acbfe15?cldtidx=8&cldtsrc=listPage,400 4Matic Premium
Motors Club Srl,Volvo XC40,IT,41125 Modena - Mo,e60e8e70-a3d2-4019-a204-b17a24262ddb,"€ 60.321,- 31",31,60321,https://www.autoscout24.it/annunci/volvo-xc40-p8-recharge-pure-electric-awd-r-design-elettrica-blu-azzurro-e60e8e70-a3d2-4019-a204-b17a24262ddb?cldtidx=9&cldtsrc=listPage,P8 Recharge Pure Electric AWD R-design
Motors Club Srl,Volvo XC40,IT,41125 Modena - Mo,77536122-21fb-416f-af82-ff3b39aefacd,"€ 59.441,- 31",31,59441,https://www.autoscout24.it/annunci/volvo-xc40-p8-recharge-pure-electric-awd-r-design-elettrica-bianco-77536122-21fb-416f-af82-ff3b39aefacd?cldtidx=10&cldtsrc=listPage,P8 Recharge Pure Electric AWD R-design
Motors Club Srl,Volvo XC40,IT,41125 Modena - Mo,32775cc7-c1df-48cd-a278-467c999d802f,"€ 56.615,- 31",31,56615,https://www.autoscout24.it/annunci/volvo-xc40-p8-recharge-pure-electric-awd-r-design-elettrica-grigio-32775cc7-c1df-48cd-a278-467c999d802f?cldtidx=11&cldtsrc=listPage,P8 Recharge Pure Electric AWD R-design
Motors Club Srl,Volvo XC40,IT,41125 Modena - Mo,8336e70a-ebe3-4c6e-92ec-7a53c65f68d0,"€ 54.721,- 31",31,54721,https://www.autoscout24.it/annunci/volvo-xc40-p8-recharge-pure-electric-awd-r-design-elettrica-nero-8336e70a-ebe3-4c6e-92ec-7a53c65f68d0?cldtidx=12&cldtsrc=listPage,P8 Recharge Pure Electric AWD R-design
Bosetti Autostore,Hyundai Kona,IT,38121 Trento - Tn,33a795a0-38b5-4852-ba0a-10d2d7ba1317,"€ 42.050,- 1",1,42050,https://www.autoscout24.it/annunci/hyundai-kona-ev-64-kwh-exellence-list--50-050-elettrica-arancione-33a795a0-38b5-4852-ba0a-10d2d7ba1317?cldtidx=13&cldtsrc=listPage,EV 64 kWh Exellence LIST. € 50.050
In Car Srl,Audi e-tron,IT,39100 Bolzano - Bz,40033acd-d389-4156-8521-55e84bd9b016,"€ 97.073,- 31",31,97073,https://www.autoscout24.it/annunci/audi-e-tron-e-tron-55-quattro-business-elettrica-nero-40033acd-d389-4156-8521-55e84bd9b016?cldtidx=14&cldtsrc=listPage,e-tron 55 quattro Business
In Car Srl,Audi e-tron,IT,39100 Bolzano - Bz,1a98817d-32f7-4793-bbff-682e518529be,"€ 96.800,- 31",31,96800,https://www.autoscout24.it/annunci/audi-e-tron-e-tron-50-quattro-s-line-edition-elettrica-grigio-1a98817d-32f7-4793-bbff-682e518529be?cldtidx=15&cldtsrc=listPage,e-tron 50 quattro S line edition
In Car Srl,Audi e-tron,IT,39100 Bolzano - Bz,0434f923-9a79-4e9d-8633-153dac7cd4a5,"€ 91.976,- 31",31,91976,https://www.autoscout24.it/annunci/audi-e-tron-e-tron-55-quattro-business-elettrica-bianco-0434f923-9a79-4e9d-8633-153dac7cd4a5?cldtidx=16&cldtsrc=listPage,e-tron 55 quattro Business
Vicentini Spa - Audi Zentrum Verona,Audi e-tron,IT,37139 Verona - Vr,d225bee2-05f1-49f4-91e8-2051c4503e68,"€ 91.100,- 31",31,91100,https://www.autoscout24.it/annunci/audi-e-tron-55-360cv-q-business-listino-107-292-elettrica-bianco-d225bee2-05f1-49f4-91e8-2051c4503e68?cldtidx=17&cldtsrc=listPage,55 360CV Q. Business Listino: 107.292€
Autoingros Hyundai – Torino,Hyundai Kona,IT,10141 Torino - To,5d8e4ebb-3e99-463f-a33e-16b26f46e8c2,"€ 34.900,- 31",31,34900,https://www.autoscout24.it/annunci/hyundai-kona-64-kw-ev-xprime-safety-pack-obc-elettrica-grigio-5d8e4ebb-3e99-463f-a33e-16b26f46e8c2?cldtidx=18&cldtsrc=listPage,64 KW EV XPRIME + SAFETY PACK + OBC
Bianchessi Auto srl,Hyundai Kona,IT,26022 Castelverde- Cr,85ee70de-cf21-460d-b1d1-9f63a925d190,"€ 40.900,- 31",31,40900,https://www.autoscout24.it/annunci/hyundai-kona-ev-64-kwh-exellence-ordinabile-elettrica-bianco-85ee70de-cf21-460d-b1d1-9f63a925d190?cldtidx=19&cldtsrc=listPage,EV 64 kWh Exellence (ordinabile)
Stilcar Spa,Hyundai Kona,IT,10060 San Secondo Di Pinerolo - Torino - To,027d3a8a-83e0-4b2b-8c4f-dbb07335095b,"€ 35.600,- 31",31,35600,https://www.autoscout24.it/annunci/hyundai-kona-ev-xprime-64kw-safety-pack-techno-pack-obc-11-kw-elettrica-bianco-027d3a8a-83e0-4b2b-8c4f-dbb07335095b?cldtidx=20&cldtsrc=listPage,EV XPrime 64kw+Safety Pack+Techno Pack+obc 11 kw
Starauto Srl - Euroauto Sas,Jaguar I-Pace,IT,39100 Bolzano - Bz,d64ffa0e-2606-48e0-b6b5-fe199fd2cb00,"€ 85.000,- 12",12,85000,https://www.autoscout24.it/annunci/jaguar-i-pace-ev-kwh-400-cv-auto-awd-hse-elettrica-bianco-d64ffa0e-2606-48e0-b6b5-fe199fd2cb00?cldtidx=1&cldtsrc=listPage,EV kWh 400 CV Auto AWD HSE
Audi Zentrum Bologna – Penske Automotive Italy,Audi e-tron,IT,40033 Casalecchio di Reno – Bo,88cdf53f-d6ce-46cc-8c7d-531d75ac0f6c,"€ 102.290,- 1",1,102290,https://www.autoscout24.it/annunci/audi-e-tron-55-quattro-advanced-elettrica-grigio-88cdf53f-d6ce-46cc-8c7d-531d75ac0f6c?cldtidx=1&cldtsrc=listPage,55 quattro Advanced
Bossoni Automobili Spa,Audi e-tron,IT,26100 Cremona - Cr,23d8aba1-93b9-4f7b-9861-ca3fa152b5fb,"€ 100.218,- 31",31,100218,https://www.autoscout24.it/annunci/audi-e-tron-55-quattro-my-20-elettrica-grigio-23d8aba1-93b9-4f7b-9861-ca3fa152b5fb?cldtidx=2&cldtsrc=listPage,55 QUATTRO MY 20
Centro Usato - Di Viesto,Toyota Yaris,IT,10156 Torino - To,f8e36e0f-e53a-4cc7-add7-2a27b182691a,"€ 17.200,- 1",1,17200,https://www.autoscout24.it/annunci/toyota-yaris-1-5-hybrid-5-porte-active-my-2021-elettrica-blu-azzurro-f8e36e0f-e53a-4cc7-add7-2a27b182691a?cldtidx=1&cldtsrc=listPage,1.5 Hybrid 5 porte Active MY 2021
Dielle Auto srl,Nissan Leaf,IT,10071 Borgaro Torinese-To,50a95083-a5cc-49ff-a7a3-21e13dac57af,"€ 29.400,- 41",41,29400,https://www.autoscout24.it/annunci/nissan-leaf-business-40-kwh-elettrica-grigio-50a95083-a5cc-49ff-a7a3-21e13dac57af?cldtidx=2&cldtsrc=listPage,Business 40 kWh
Autentika Opel - Barchetti 1 Spa,Opel Corsa,IT,25124 Brescia,aa785d4d-f691-4c21-ad50-a8742ac4d35a,"€ 29.830,- 41",41,29830,https://www.autoscout24.it/annunci/opel-corsa-e-corsa-e-edition-eng-1-0-e90t260-elettrica-arancione-aa785d4d-f691-4c21-ad50-a8742ac4d35a?cldtidx=3&cldtsrc=listPage,"-e CORSA E-EDITION ENG 1,0 E90T260"
Ezio Colombo srl,Renault Twingo,IT,20132 Milano,2cad4f70-40f7-4114-a1e3-90106fa1f3e5,"€ 11.500,- 1",1,11500,https://www.autoscout24.it/annunci/renault-twingo-electric-zen-elettrica-blu-azzurro-2cad4f70-40f7-4114-a1e3-90106fa1f3e5?cldtidx=4&cldtsrc=listPage,ELECTRIC ZEN
Dielle Auto srl,Renault ZOE,IT,10071 Borgaro Torinese-To,ba588053-10c7-4305-8dd4-74857c893963,"€ 15.900,- 41",41,15900,https://www.autoscout24.it/annunci/renault-zoe-life-r110-flex-elettrica-bianco-ba588053-10c7-4305-8dd4-74857c893963?cldtidx=5&cldtsrc=listPage,Life R110 Flex
BONERA SPA,MINI Cooper SE,IT,25135 Brescia,b390fa21-b347-468e-bae5-a43740bd6fed,"€ 40.350,- 41",41,40350,https://www.autoscout24.it/annunci/mini-cooper-se-3p-l-auto-elettrica-nero-b390fa21-b347-468e-bae5-a43740bd6fed?cldtidx=6&cldtsrc=listPage,3p L auto
Bonera Spa,smart forTwo,IT,25135 Brescia - Bs,993f9bb8-d6e2-44ec-8de1-a36433113a89,"€ 20.900,- 41",41,20900,https://www.autoscout24.it/annunci/smart-fortwo-eq-pulse-elettrica-grigio-993f9bb8-d6e2-44ec-8de1-a36433113a89?cldtidx=7&cldtsrc=listPage,eq Pulse
Bonera Spa,smart forTwo,IT,25135 Brescia - Bs,7c273030-7be9-4004-9ac4-2cc1d91d2171,"€ 21.500,- 41",41,21500,https://www.autoscout24.it/annunci/smart-fortwo-eq-british-green-22kw-elettrica-verde-7c273030-7be9-4004-9ac4-2cc1d91d2171?cldtidx=8&cldtsrc=listPage,eq British Green 22kW
Automobili De Pieri,Volkswagen Golf,IT,31033 Castelfranco Veneto - Treviso,cedb430e-d9fe-4af6-8f03-843c5b20620d,"€ 27.480,- 41",41,27480,https://www.autoscout24.it/annunci/volkswagen-golf-1-5-etsi-evo-dsg-life-mild-hybrid-elettrica-grigio-cedb430e-d9fe-4af6-8f03-843c5b20620d?cldtidx=9&cldtsrc=listPage,1.5 eTSI EVO DSG Life Mild hybrid
Autovi Uno Srl,Opel Corsa,IT,20100 Milano - Mi,7a9297fa-1e01-44e5-b47b-d925afe7bbff,"€ 22.650,- 41",41,22650,https://www.autoscout24.it/annunci/opel-corsa-e-5-porte-elegance-136cv-elettrica-elettrica-bianco-7a9297fa-1e01-44e5-b47b-d925afe7bbff?cldtidx=10&cldtsrc=listPage,-e 5 porte Elegance 136cv ELETTRICA
Scai Motor Srl,Opel Corsa,IT,43126 Parma - Pr,46f03b23-f8fe-4349-9601-d315b2a6d717,"€ 19.900,- 1",1,19900,https://www.autoscout24.it/annunci/opel-corsa-0-e-edition-elettrica-grigio-46f03b23-f8fe-4349-9601-d315b2a6d717?cldtidx=11&cldtsrc=listPage,0 e-Edition
Gesicar Srl,Porsche Taycan,Giacomo,IT,852e86f9-9333-4b7f-872a-d38ce3eb01a2,"€ 140.218,- 41",41,140218,https://www.autoscout24.it/annunci/porsche-taycan-4s-pronta-consegna-elettrica-nero-852e86f9-9333-4b7f-872a-d38ce3eb01a2?cldtidx=12&cldtsrc=listPage,4S Pronta consegna
Newcar Srl,Opel Corsa,Ufficio Vendite,IT,5464e168-86af-4eed-be94-cf32b2ea61ae,"€ 18.600,- 41",41,18600,https://www.autoscout24.it/annunci/opel-corsa-e-edition-eng-1-0-e90t260-elettrica-arancione-5464e168-86af-4eed-be94-cf32b2ea61ae?cldtidx=13&cldtsrc=listPage,"E-EDITION ENG 1,0 E90T260"
Newcar Srl,Opel Corsa,Ufficio Vendite,IT,be17a197-36b4-47fe-b9a1-4861785bfd6c,"€ 20.200,- 41",41,20200,https://www.autoscout24.it/annunci/opel-corsa-e-elegance-elettrica-100kw-elettrica-grigio-be17a197-36b4-47fe-b9a1-4861785bfd6c?cldtidx=14&cldtsrc=listPage,E-ELEGANCE ELETTRICA 100KW
De Stefani Spa,smart forTwo,IT,40026 Imola - Bologna,2b257736-19b5-4c6d-98fd-654a1d1a2432,"€ 23.600,- 41",41,23600,https://www.autoscout24.it/annunci/smart-fortwo-eq-british-green-elettrica-verde-2b257736-19b5-4c6d-98fd-654a1d1a2432?cldtidx=15&cldtsrc=listPage,EQ British Green
Carraro Spa,smart forFour,Servizio clienti,IT,8736ea3c-9cb4-4f57-93ce-4e2cef3f2083,"€ 23.900,- 41",41,23900,https://www.autoscout24.it/annunci/smart-forfour-eq-forfour-eq-pulse-elettrica-blu-azzurro-8736ea3c-9cb4-4f57-93ce-4e2cef3f2083?cldtidx=16&cldtsrc=listPage,EQ forfour EQ Pulse
Carraro Spa,smart forFour,IT,31100 Treviso - Tv,9acf2d90-6027-4ea3-aaf4-4c0dd0a15377,"€ 21.800,- 41",41,21800,https://www.autoscout24.it/annunci/smart-forfour-eq-forfour-eq-passion-elettrica-bianco-9acf2d90-6027-4ea3-aaf4-4c0dd0a15377?cldtidx=17&cldtsrc=listPage,EQ forfour EQ Passion
Automobili De Pieri,Audi A3,IT,31033 Castelfranco Veneto - Treviso,578e54ca-6aa2-4072-a075-0db63fb2f6ba,"€ 40.600,- 41",41,40600,https://www.autoscout24.it/annunci/audi-a3-sportback-35-tfsi-s-tronic-business-advanced-mild-elettrica-grigio-578e54ca-6aa2-4072-a075-0db63fb2f6ba?cldtidx=18&cldtsrc=listPage,Sportback 35 TFSI S tronic Business Advanced mild
Lombarda Motori spa,SEAT Mii,IT,20151 Milano - MI,48626594-b5f7-480a-a066-bdf3bb62af21,"€ 16.550,- 41",41,16550,https://www.autoscout24.it/annunci/seat-mii-electric-promo-web-rottamazione-statale-elettrica-rosso-48626594-b5f7-480a-a066-bdf3bb62af21?cldtidx=19&cldtsrc=listPage,electric PROMO WEB ROTTAMAZIONE STATALE
Pelloni Auto Spa,Nissan Leaf,IT,41122 Modena - Mo,69ef3a6d-e92b-457b-bd96-984b9ab64777,"€ 29.880,- 1",1,29880,https://www.autoscout24.it/annunci/nissan-leaf-tekna-40-kwh-propilot-park-elettrica-bianco-69ef3a6d-e92b-457b-bd96-984b9ab64777?cldtidx=20&cldtsrc=listPage,Tekna 40 kWh ProPilot Park
Pelloni Auto Spa,Nissan Leaf,IT,41122 Modena - Mo,18150012-f81b-41b1-89a6-141545266a59,"€ 36.600,- 1",1,36600,https://www.autoscout24.it/annunci/nissan-leaf-e-62-kwh-tekna-propilot-park-elettrica-bianco-18150012-f81b-41b1-89a6-141545266a59?cldtidx=1&cldtsrc=listPage,e+ 62 kWh Tekna ProPilot Park
Pelloni Auto Spa,Nissan Leaf,IT,41122 Modena - Mo,f74b619e-b111-45a5-a577-fb5970e433da,"€ 29.780,- 1",1,29780,https://www.autoscout24.it/annunci/nissan-leaf-tekna-40-kwh-propilot-park-elettrica-grigio-f74b619e-b111-45a5-a577-fb5970e433da?cldtidx=2&cldtsrc=listPage,Tekna 40 kWh ProPilot Park
Ezio Colombo srl,Renault Twingo,IT,20132 Milano,a08d74ef-84f6-4bc5-973d-33b9e84ba85d,"€ 12.700,- 1",1,12700,https://www.autoscout24.it/annunci/renault-twingo-electric-zen-elettrica-blu-azzurro-a08d74ef-84f6-4bc5-973d-33b9e84ba85d?cldtidx=3&cldtsrc=listPage,ELECTRIC ZEN
De Stefani Spa,smart forFour,IT,40026 Imola - Bologna,78373030-4dd0-400e-bcf3-a13c1124cb98,"€ 23.300,- 41",41,23300,https://www.autoscout24.it/annunci/smart-forfour-eq-pulse-elettrica-argento-78373030-4dd0-400e-bcf3-a13c1124cb98?cldtidx=4&cldtsrc=listPage,EQ Pulse
Centro Porsche Trento - Dorigoni spa,Porsche Taycan,IT,38123 Trento - TN,2e217e31-643a-4e7c-90a0-bc13855e29cb,"€ 153.474,- 41",41,153474,https://www.autoscout24.it/annunci/porsche-taycan-4s-elettrica-blu-azzurro-2e217e31-643a-4e7c-90a0-bc13855e29cb?cldtidx=5&cldtsrc=listPage,4S
Dorigoni Spa,Porsche Taycan,IT,38121 Trento - Tn,72f57e07-5202-42e1-85af-249b39da1b07,"€ 153.474,- 41",41,153474,https://www.autoscout24.it/annunci/porsche-taycan-4s-elettrica-blu-azzurro-72f57e07-5202-42e1-85af-249b39da1b07?cldtidx=6&cldtsrc=listPage,4S
Martignoni Due srl,Volkswagen,IT,21029 Vergiate - Varese - Va,ebfb5b90-6b8d-4aae-a810-8388c8f0e360,"€ 31.300,- 1",1,31300,https://www.autoscout24.it/annunci/volkswagen-life-elettrica-grigio-ebfb5b90-6b8d-4aae-a810-8388c8f0e360?cldtidx=7&cldtsrc=listPage,LIFE
De Stefani Spa,smart forTwo,IT,40026 Imola - Bologna,98b293aa-da73-4979-8d46-c216434b53ed,"€ 22.900,- 41",41,22900,https://www.autoscout24.it/annunci/smart-fortwo-eq-pulse-elettrica-bianco-98b293aa-da73-4979-8d46-c216434b53ed?cldtidx=8&cldtsrc=listPage,EQ Pulse
Autocity - Barchetti 1 Spa,Opel Corsa,IT,39100 Bolzano - Bz,583d718c-5a6d-48f9-a9e6-86a0796ce442,"€ 30.330,- 41",41,30330,https://www.autoscout24.it/annunci/opel-corsa-e-corsa-e-edition-eng-1-0-e90t260-elettrica-bianco-583d718c-5a6d-48f9-a9e6-86a0796ce442?cldtidx=9&cldtsrc=listPage,"-e CORSA E-EDITION ENG 1,0 E90T260"
Viola Auto Solutions srl,Volkswagen,Responsabile Commerciale,IT,83badc73-1abe-4d13-a50a-c8b03676ea04,"€ 36.900,- 41",41,36900,https://www.autoscout24.it/annunci/volkswagen-1st-plus-nuova-pronta-consegna-con-ecoincentivi-elettrica-bianco-83badc73-1abe-4d13-a50a-c8b03676ea04?cldtidx=10&cldtsrc=listPage,1ST Plus NUOVA PRONTA CONSEGNA CON ECOINCENTIVI
Martignoni Due srl,Volkswagen Golf,IT,21029 Vergiate - Varese - Va,e27058fd-46c2-438a-b7fd-208f80ba8f18,"€ 24.150,- 1",1,24150,https://www.autoscout24.it/annunci/volkswagen-golf-e-136-cv-elettrica-grigio-e27058fd-46c2-438a-b7fd-208f80ba8f18?cldtidx=11&cldtsrc=listPage,e- 136 CV
Futurauto Srl,Honda e,IT,24125 Bergamo - Bg,43b486b2-7f65-4f82-a69b-73eca55221db,"€ 25.000,- 1",1,25000,https://www.autoscout24.it/annunci/honda-e-honda-honda-e-elettrica-bianco-43b486b2-7f65-4f82-a69b-73eca55221db?cldtidx=12&cldtsrc=listPage,Honda Honda e
Crema Diesel Bagnolo,smart forTwo,Crema Diesel,IT,0f2d872a-902c-4d04-b8ad-ae63b6ac2d0e,"€ 23.490,- 41",41,23490,https://www.autoscout24.it/annunci/smart-fortwo-eq-prime-ecobonus-elettrica-blu-azzurro-0f2d872a-902c-4d04-b8ad-ae63b6ac2d0e?cldtidx=13&cldtsrc=listPage,EQ Prime ECOBONUS
Centro Porsche Como – Techno Motori srl,Porsche Taycan,IT,22070 Grandate - Como - Co,b3a57e45-eee3-4a42-b4d1-2350d27a045c,"€ 147.315,- 41",41,147315,https://www.autoscout24.it/annunci/porsche-taycan-4s-disponibile-pronta-consegna-elettrica-nero-b3a57e45-eee3-4a42-b4d1-2350d27a045c?cldtidx=14&cldtsrc=listPage,4S - DISPONIBILE - PRONTA CONSEGNA -
Centro Porsche Como – Techno Motori srl,Porsche Taycan,IT,22070 Grandate - Como - Co,965a3c20-b885-44da-999a-720f30c3febc,"€ 181.050,- 41",41,181050,https://www.autoscout24.it/annunci/porsche-taycan-turbo-625cv-disponibile-pronta-consegna-elettrica-nero-965a3c20-b885-44da-999a-720f30c3febc?cldtidx=15&cldtsrc=listPage,Turbo 625CV - DISPONIBILE - PRONTA CONSEGNA
Centro Porsche Como – Techno Motori srl,Porsche Taycan,IT,22070 Grandate - Como - Co,53b36f2c-0460-412d-bc9e-8797fda4a1b1,"€ 141.483,- 41",41,141483,https://www.autoscout24.it/annunci/porsche-taycan-4s-pronta-consegna-elettrica-nero-53b36f2c-0460-412d-bc9e-8797fda4a1b1?cldtidx=16&cldtsrc=listPage,4S - PRONTA CONSEGNA -
Automobili De Masi di De Masi Mattia,Porsche Taycan,IT,31033 Castelfranco Veneto TV,52a3d973-c89c-4c08-8328-08ee421d5b54,"€ 170.000,- 1",1,170000,https://www.autoscout24.it/annunci/porsche-taycan-4s-pronta-consegna-performance-battery-ceramic-elettrica-bianco-52a3d973-c89c-4c08-8328-08ee421d5b54?cldtidx=17&cldtsrc=listPage,4S PRONTA CONSEGNA PERFORMANCE BATTERY + CERAMIC
Frav Srl,Porsche Taycan,IT,36077 Altavilla Vicentina - Vicenza,1ebf35d7-7144-4848-ba14-4112c9292f31,"€ 150.024,- 41",41,150024,https://www.autoscout24.it/annunci/porsche-taycan-4s-elettrica-1ebf35d7-7144-4848-ba14-4112c9292f31?cldtidx=18&cldtsrc=listPage,4S
Carraro Spa,smart forFour,Servizio clienti,IT,e5a50417-66dc-488c-b02c-3c64baf4fdbc,"€ 23.500,- 41",41,23500,https://www.autoscout24.it/annunci/smart-forfour-eq-forfour-eq-pulse-elettrica-bianco-e5a50417-66dc-488c-b02c-3c64baf4fdbc?cldtidx=19&cldtsrc=listPage,EQ forfour EQ Pulse
Carraro Spa,smart forFour,IT,31100 Treviso - Tv,fda1f169-f502-4e18-abe1-f4704bd0b0c8,"€ 23.800,- 41",41,23800,https://www.autoscout24.it/annunci/smart-forfour-eq-forfour-eq-pulse-elettrica-grigio-fda1f169-f502-4e18-abe1-f4704bd0b0c8?cldtidx=20&cldtsrc=listPage,EQ forfour EQ Pulse
Carraro Spa,smart forFour,Servizio clienti,IT,6233712f-0597-42d4-84e2-12c94fe6d1da,"€ 21.800,- 12",12,21800,https://www.autoscout24.it/annunci/smart-forfour-eq-forfour-eq-passion-elettrica-bianco-6233712f-0597-42d4-84e2-12c94fe6d1da?cldtidx=1&cldtsrc=listPage,EQ forfour EQ Passion
Auto Po Srl,Nissan Leaf,IT,44122 Ferrara - Fe,e17c8b15-7b37-45a0-a319-491e4018cce9,"€ 24.400,- 2",2,24400,https://www.autoscout24.it/annunci/nissan-leaf-business-40-kwh-nuova-elettrica-bianco-e17c8b15-7b37-45a0-a319-491e4018cce9?cldtidx=2&cldtsrc=listPage,Business 40 kWh Nuova
AuGi Srl,Volkswagen up!,IT,23030 Villa di Tirano - Sondrio,d4ac7d7e-d431-41c6-b26f-272eab1e4269,"€ 18.990,- 2",2,18990,https://www.autoscout24.it/annunci/volkswagen-up-e-up-elettrica-no-ecoincentivo-elettrica-grigio-d4ac7d7e-d431-41c6-b26f-272eab1e4269?cldtidx=3&cldtsrc=listPage,E-UP! ELETTRICA NO ECOINCENTIVO
Giacobbe Automobili srl,Renault ZOE,Carlotta Giacobbe,IT,d5b41edc-0c67-4f86-bbc3-d4f3df5c14de,"€ 13.100,- 2",2,13100,https://www.autoscout24.it/annunci/renault-zoe-life-r110-flex-prenotala-con--100-elettrica-bianco-d5b41edc-0c67-4f86-bbc3-d4f3df5c14de?cldtidx=4&cldtsrc=listPage,Life R110 Flex *PRENOTALA CON € 100*
De Stefani Spa,smart forTwo,IT,40026 Imola - Bologna,4a15e747-896f-4b03-832e-3670fc8a1b8f,"€ 26.700,- 12",12,26700,https://www.autoscout24.it/annunci/smart-fortwo-eq-ushuaia-22kw-elettrica-argento-4a15e747-896f-4b03-832e-3670fc8a1b8f?cldtidx=5&cldtsrc=listPage,EQ Ushuaïa (22kW)
De Stefani Spa,smart forFour,IT,40026 Imola - Bologna,28e91c82-365b-4e09-9818-b78879b9d13c,"€ 23.500,- 12",12,23500,https://www.autoscout24.it/annunci/smart-forfour-eq-passion-elettrica-grigio-28e91c82-365b-4e09-9818-b78879b9d13c?cldtidx=6&cldtsrc=listPage,EQ Passion
Targa Monza Srl,Aixam City,Beatrice Tunis,IT,b30381b2-2036-4cb5-a317-a8d67795c3f8,"€ 11.599,- 2",2,11599,https://www.autoscout24.it/annunci/aixam-city-e-pack-sensation-elettrica-b30381b2-2036-4cb5-a317-a8d67795c3f8?cldtidx=7&cldtsrc=listPage,e Pack Sensation
Valore Srl,Nissan Leaf,IT,10134 Torino,c158b1d5-19c7-4edc-ba8d-61a904eee39f,"€ 30.400,- 2",2,30400,https://www.autoscout24.it/annunci/nissan-leaf-tekna-40-kwh-elettrica-grigio-c158b1d5-19c7-4edc-ba8d-61a904eee39f?cldtidx=8&cldtsrc=listPage,Tekna 40 kWh
De Stefani Spa,smart forFour,IT,40026 Imola - Bologna,840e8d7e-6ad6-48a6-9a13-5d29f0b701e5,"€ 22.400,- 12",12,22400,https://www.autoscout24.it/annunci/smart-forfour-eq-passion-elettrica-nero-840e8d7e-6ad6-48a6-9a13-5d29f0b701e5?cldtidx=9&cldtsrc=listPage,EQ Passion
De Stefani Spa,smart forFour,IT,40026 Imola - Bologna,b289a29f-e5ef-4b78-86d8-9a6f7fdc9d1f,"€ 23.700,- 12",12,23700,https://www.autoscout24.it/annunci/smart-forfour-eq-passion-elettrica-bianco-b289a29f-e5ef-4b78-86d8-9a6f7fdc9d1f?cldtidx=10&cldtsrc=listPage,EQ Passion
Borsoi srl,Nissan Leaf,IT,31100 Treviso - TV,b667ec88-6146-4b2e-84ca-6027fea67946,"€ 23.900,- 12",12,23900,https://www.autoscout24.it/annunci/nissan-leaf-business-40-kwh-elettrica-b667ec88-6146-4b2e-84ca-6027fea67946?cldtidx=11&cldtsrc=listPage,Business 40 kWh
Borsoi srl,Nissan Leaf,IT,31100 Treviso - TV,7db19884-4cf9-41ec-ac3e-18e87032e9a2,"€ 26.500,- 2",2,26500,https://www.autoscout24.it/annunci/nissan-leaf-n-connecta-40-kwh-elettrica-bianco-7db19884-4cf9-41ec-ac3e-18e87032e9a2?cldtidx=12&cldtsrc=listPage,N-Connecta 40 kWh
De Stefani Spa,smart forTwo,IT,40026 Imola - Bologna,d1af773c-c732-43ca-aa0e-1375713906d6,"€ 23.800,- 12",12,23800,https://www.autoscout24.it/annunci/smart-fortwo-eq-pulse-elettrica-beige-d1af773c-c732-43ca-aa0e-1375713906d6?cldtidx=13&cldtsrc=listPage,EQ Pulse
Ezio Colombo srl,Renault ZOE,IT,20132 Milano,0c076021-0083-4645-979c-cc98f38fb5b2,"€ 17.450,- 2",2,17450,https://www.autoscout24.it/annunci/renault-zoe-intens-r135-flex-prezzo-piu-basso-d-italia-elettrica-grigio-0c076021-0083-4645-979c-cc98f38fb5b2?cldtidx=14&cldtsrc=listPage,Intens R135 Flex PREZZO PIU BASSO D'ITALIA
Lodauto Spa,smart forTwo,Servizio Clienti,IT,99b785a8-0489-4756-86fd-015e7ed7d4b5,"€ 26.600,- 12",12,26600,https://www.autoscout24.it/annunci/smart-fortwo-eq-edition-one-elettrica-grigio-99b785a8-0489-4756-86fd-015e7ed7d4b5?cldtidx=15&cldtsrc=listPage,EQ Edition One
Lodauto Spa,smart forTwo,IT,24050 Orio al Serio - Bergamo,3e72d7ab-f0e0-44a1-b56c-a5d53ca6adc7,"€ 20.200,- 12",12,20200,https://www.autoscout24.it/annunci/smart-fortwo-eq-passion-elettrica-nero-3e72d7ab-f0e0-44a1-b56c-a5d53ca6adc7?cldtidx=16&cldtsrc=listPage,EQ Passion
Lodauto Spa,smart forTwo,IT,24050 Orio al Serio - Bergamo,894c8c2b-d5f8-4c46-b93e-cb8223cefe9d,"€ 22.000,- 12",12,22000,https://www.autoscout24.it/annunci/smart-fortwo-electric-drive-prime-elettrica-oro-894c8c2b-d5f8-4c46-b93e-cb8223cefe9d?cldtidx=17&cldtsrc=listPage,electric drive Prime
Lodauto Spa,smart forFour,IT,24050 Orio al Serio - Bergamo,abd9c282-f677-42f4-8e57-b80ebdeacd4f,"€ 26.900,- 12",12,26900,https://www.autoscout24.it/annunci/smart-forfour-eq-edition-one-elettrica-bianco-abd9c282-f677-42f4-8e57-b80ebdeacd4f?cldtidx=18&cldtsrc=listPage,EQ Edition One
Lodauto Spa,smart forTwo,IT,24050 Orio al Serio - Bergamo,8833abb2-872a-47a7-9ca4-daf6e4fd1bb4,"€ 21.600,- 12",12,21600,https://www.autoscout24.it/annunci/smart-fortwo-eq-prime-elettrica-nero-8833abb2-872a-47a7-9ca4-daf6e4fd1bb4?cldtidx=19&cldtsrc=listPage,EQ Prime
Borsoi,Renault ZOE,IT,30170 Mestre - Venezia - Ve,dbf76599-1d00-4441-86f4-1050f2d94fb2,"€ 17.900,- 2",2,17900,https://www.autoscout24.it/annunci/renault-zoe-intens-r135-flex-elettrica-dbf76599-1d00-4441-86f4-1050f2d94fb2?cldtidx=20&cldtsrc=listPage,Intens R135 Flex
Borsoi,Renault ZOE,IT,30170 Mestre - Venezia - Ve,ac060a92-9f59-4be3-bd5d-b05592f7f95e,"€ 16.000,- 1",1,16000,https://www.autoscout24.it/annunci/renault-zoe-zen-r135-flex-elettrica-ac060a92-9f59-4be3-bd5d-b05592f7f95e?cldtidx=1&cldtsrc=listPage,Zen R135 Flex
Borsoi,Renault ZOE,IT,30170 Mestre - Venezia - Ve,49605198-5f60-4fa6-923e-ee3e86f14b41,"€ 17.400,- 1",1,17400,https://www.autoscout24.it/annunci/renault-zoe-intens-r135-flex-ricarica-rapida-dc-elettrica-rosso-49605198-5f60-4fa6-923e-ee3e86f14b41?cldtidx=2&cldtsrc=listPage,Intens R135 Flex RICARICA RAPIDA DC
Frav Srl,Porsche Taycan,IT,36077 Altavilla Vicentina - Vicenza,b1719a8b-4887-439a-965e-c168d456f837,"€ 210.828,- 41",41,210828,https://www.autoscout24.it/annunci/porsche-taycan-turbo-s-elettrica-b1719a8b-4887-439a-965e-c168d456f837?cldtidx=3&cldtsrc=listPage,Turbo S
Autovi Uno Srl,Opel Corsa,IT,20100 Milano - Mi,ab5e385e-ba82-4b8a-9510-b1b563135534,"€ 18.950,- 41",41,18950,https://www.autoscout24.it/annunci/opel-corsa-e-136cv-5-porte-edition-elettrica-elettrica-blu-azzurro-ab5e385e-ba82-4b8a-9510-b1b563135534?cldtidx=4&cldtsrc=listPage,-e 136cv 5 porte Edition - ELETTRICA
Centro Porsche Trento - Dorigoni spa,Porsche Taycan,IT,38123 Trento - TN,57434f35-d2bd-4e26-8508-a3da0db69c4b,"€ 177.814,- 41",41,177814,https://www.autoscout24.it/annunci/porsche-taycan-turbo-elettrica-bianco-57434f35-d2bd-4e26-8508-a3da0db69c4b?cldtidx=5&cldtsrc=listPage,Turbo
Dorigoni Spa,Porsche Taycan,IT,38121 Trento - Tn,051901ea-e6bf-4e35-bc76-24d3d9e9b13b,"€ 177.814,- 41",41,177814,https://www.autoscout24.it/annunci/porsche-taycan-turbo-elettrica-bianco-051901ea-e6bf-4e35-bc76-24d3d9e9b13b?cldtidx=6&cldtsrc=listPage,Turbo
Crema Diesel Cremona,smart forTwo,Crema Diesel,IT,92c81d92-b7a0-4eac-af8e-c4f0027b6d74,"€ 23.000,- 41",41,23000,https://www.autoscout24.it/annunci/smart-fortwo-eq-passion-ecobonus-elettrica-giallo-92c81d92-b7a0-4eac-af8e-c4f0027b6d74?cldtidx=7&cldtsrc=listPage,EQ Passion ECOBONUS
Crema Diesel Bagnolo,smart forFour,IT,26010 Bagnolo - Cremasco,f2fe108d-1643-4440-a02d-c3ac995b33ec,"€ 23.600,- 41",41,23600,https://www.autoscout24.it/annunci/smart-forfour-eq-passion-ecobonus-elettrica-blu-azzurro-f2fe108d-1643-4440-a02d-c3ac995b33ec?cldtidx=8&cldtsrc=listPage,EQ Passion ECOBONUS
Crema Diesel Bagnolo,smart forFour,Crema Diesel,IT,f286287e-204d-4516-b405-36984f08a95d,"€ 25.400,- 41",41,25400,https://www.autoscout24.it/annunci/smart-forfour-eq-edition-one-ecobonus-elettrica-bianco-f286287e-204d-4516-b405-36984f08a95d?cldtidx=9&cldtsrc=listPage,EQ Edition One ECOBONUS
Nippo Motors Srl,Honda e,IT,21100 Varese - Va,639b2e5f-b7a7-49c7-8154-e83a78da5ee5,"€ 28.900,- 41",41,28900,https://www.autoscout24.it/annunci/honda-e-honda-e-advance-17-elettrica-bianco-639b2e5f-b7a7-49c7-8154-e83a78da5ee5?cldtidx=10&cldtsrc=listPage,Honda e Advance 17
Crema Diesel Lodi,smart forTwo,Crema Diesel,IT,a9ad9abb-fa99-4592-98f9-a19b3e77d769,"€ 23.300,- 41",41,23300,https://www.autoscout24.it/annunci/smart-fortwo-eq-passion-ecobonus-elettrica-bianco-a9ad9abb-fa99-4592-98f9-a19b3e77d769?cldtidx=11&cldtsrc=listPage,EQ Passion ECOBONUS
Tullo Pezzo srl,MINI Cooper,IT,46030 San Giorgio Bigarello Mantova,eab1b7d4-20cc-4546-a769-188647f2a789,"€ 35.105,- 41",41,35105,https://www.autoscout24.it/annunci/mini-cooper-se-3p-full-electric-versione-l-elettrica-argento-eab1b7d4-20cc-4546-a769-188647f2a789?cldtidx=12&cldtsrc=listPage,SE 3p Full Electric Versione L
Auto Center Bianchi Srl,Nissan Leaf,IT,42035 Castelnovo ne Monti – Reggio Emilia – Re,b34f3152-d759-4c6a-8ac9-b51b446c1658,"€ 29.190,- 1",1,29190,https://www.autoscout24.it/annunci/nissan-leaf-n-connecta-40-kwh-elettrica-nero-b34f3152-d759-4c6a-8ac9-b51b446c1658?cldtidx=13&cldtsrc=listPage,N-Connecta 40 kWh
De Stefani Spa,smart forFour,IT,40026 Imola - Bologna,17a02315-7938-4bdc-8903-e8736e111721,"€ 23.100,- 41",41,23100,https://www.autoscout24.it/annunci/smart-forfour-eq-passion-elettrica-grigio-17a02315-7938-4bdc-8903-e8736e111721?cldtidx=14&cldtsrc=listPage,EQ Passion
Auto Po Srl,Nissan Leaf,IT,44122 Ferrara - Fe,1a71be4c-8216-45b4-8abd-b05e4232507b,"€ 27.400,- 1",1,27400,https://www.autoscout24.it/annunci/nissan-leaf-tekna-40-kwh-nuova-elettrica-bianco-1a71be4c-8216-45b4-8abd-b05e4232507b?cldtidx=15&cldtsrc=listPage,Tekna 40 kWh Nuova
Emilianauto Group Spa,Mitsubishi,IT,40131 Bologna - Bo,bbdcb76c-931e-476d-9205-c2e47407f98d,"€ 18.900,- 41",41,18900,https://www.autoscout24.it/annunci/mitsubishi-std-elettrica-bianco-bbdcb76c-931e-476d-9205-c2e47407f98d?cldtidx=16&cldtsrc=listPage,std
Campello Motors,Altro,IT,30174 Mestre - Ve,a671fd0c-24c3-4b31-acea-9479ee488bfa,"€ 23.800,- 1",1,23800,https://www.autoscout24.it/annunci/others-others-xev-iev7s-100-elettrica-autonomia-320-km-elettrica-bianco-a671fd0c-24c3-4b31-acea-9479ee488bfa?cldtidx=17&cldtsrc=listPage,XEV IEV7s - 100% ELETTRICA - Autonomia 320 km
Centro Porsche Como – Techno Motori srl,Porsche Taycan,IT,22070 Grandate - Como - Co,341e0c3d-9754-4bcc-b9b3-fe5c505798f6,"€ 145.424,- 41",41,145424,https://www.autoscout24.it/annunci/porsche-taycan-4s-pronta-consegna-elettrica-blu-azzurro-341e0c3d-9754-4bcc-b9b3-fe5c505798f6?cldtidx=18&cldtsrc=listPage,4S - PRONTA CONSEGNA
Unicar Spa,Hyundai Kona,IT,12051 Alba - Cuneo - Cn,8e55a671-36fa-4562-97e1-428a1d991f9a,"€ 26.000,- 41",41,26000,https://www.autoscout24.it/annunci/hyundai-kona-electric-39kw-xprime-pronta-consegna-elettrica-blu-azzurro-8e55a671-36fa-4562-97e1-428a1d991f9a?cldtidx=19&cldtsrc=listPage,ELECTRIC 39KW XPRIME PRONTA CONSEGNA
StarEmilia,smart forFour,IT,40033 Casalecchio di Reno - Bologna - Bo,f39e4f53-ef88-4e41-8318-db80106644fc,"€ 21.590,- 41",41,21590,https://www.autoscout24.it/annunci/smart-forfour-eq-pulse-elettrica-nero-f39e4f53-ef88-4e41-8318-db80106644fc?cldtidx=20&cldtsrc=listPage,EQ Pulse
BIAUTO SRL - SEDE BIAUTLET,BMW i3,IT,10036 Settimo Torinese - Torino - To,7ef3ccfd-9bfe-4786-9b4f-3b76137bbb02,"€ 46.500,- 12",12,46500,https://www.autoscout24.it/annunci/bmw-i3-bmw-120ah-elettrica-bianco-7ef3ccfd-9bfe-4786-9b4f-3b76137bbb02?cldtidx=1&cldtsrc=listPage,BMW 120AH
Autobrema Srl,Nissan Leaf,IT,25086 Rezzato - Brescia - BS,31afda33-aa4e-4a78-8aa9-6bb89a4df45c,"€ 40.900,- 12",12,40900,https://www.autoscout24.it/annunci/nissan-leaf-e-tekna-propilot-park-elettrica-nero-31afda33-aa4e-4a78-8aa9-6bb89a4df45c?cldtidx=2&cldtsrc=listPage,e+ Tekna ProPilot Park
Autobrema Srl,Nissan Leaf,IT,25086 Rezzato - Brescia - BS,667725df-f297-4135-8376-4ba2d6dda361,"€ 29.500,- 12",12,29500,https://www.autoscout24.it/annunci/nissan-leaf-acenta-40-kwh-3-6-elettrica-bianco-667725df-f297-4135-8376-4ba2d6dda361?cldtidx=3&cldtsrc=listPage,Acenta 40 kWh 3.6
Gianni Marchiaro & C. Sas,Porsche Taycan,IT,12066 Monticello d'Alba - Cuneo - Cn,0fed03d6-0c01-4640-80e1-660fd5560284,"€ 109.115,- 12",12,109115,https://www.autoscout24.it/annunci/porsche-taycan-4s-elettrica-grigio-0fed03d6-0c01-4640-80e1-660fd5560284?cldtidx=4&cldtsrc=listPage,4S
Negro Automobili Srl,Porsche Taycan,Responsabile vendite,IT,9c2bc458-109c-4c37-ab96-a6b393ac8536,"€ 139.200,- 12",12,139200,https://www.autoscout24.it/annunci/porsche-taycan-4s-elettrica-bianco-9c2bc458-109c-4c37-ab96-a6b393ac8536?cldtidx=5&cldtsrc=listPage,4S
Negro Automobili Srl,Porsche Taycan,Responsabile vendite,IT,9cd6f41e-0d94-46f6-9a70-2a363eda98d5,"€ 144.500,- 12",12,144500,https://www.autoscout24.it/annunci/porsche-taycan-4s-elettrica-nero-9cd6f41e-0d94-46f6-9a70-2a363eda98d5?cldtidx=6&cldtsrc=listPage,4S
Ghiraldo E Autoin Srl,Peugeot 208,Ufficio Vendite,IT,46295c85-f7fa-46a7-bf16-f86c874064cd,"€ 26.300,- 2",2,26300,https://www.autoscout24.it/annunci/peugeot-208-motore-elettrico-136-cv-5-porte-allure-elettrica-bianco-46295c85-f7fa-46a7-bf16-f86c874064cd?cldtidx=7&cldtsrc=listPage,motore elettrico 136 CV 5 porte Allure
Nissauto Spa,Nissan Leaf,IT,10155 Torino - To,94b154c8-dc2d-4ed9-be8b-e22a65cb6f79,"€ 23.900,- 12",12,23900,https://www.autoscout24.it/annunci/nissan-leaf-business-40-kwh-elettrica-bianco-94b154c8-dc2d-4ed9-be8b-e22a65cb6f79?cldtidx=8&cldtsrc=listPage,Business 40 kWh
Cisa 2000 Srl,Opel Corsa,responsabile Vetture Nuove,IT,e9482692-1050-4fc0-ae1a-a5d68418fad9,"€ 20.900,- 12",12,20900,https://www.autoscout24.it/annunci/opel-corsa-e-5-porte-elegance-premium-pack-2-elettrica-blu-azzurro-e9482692-1050-4fc0-ae1a-a5d68418fad9?cldtidx=9&cldtsrc=listPage,-e 5 porte Elegance PREMIUM PACK 2
Cisa 2000 Srl,Opel Corsa,responsabile Vetture Nuove,IT,61335194-b993-41c1-8e53-fb22403496f8,"€ 20.400,- 12",12,20400,https://www.autoscout24.it/annunci/opel-corsa-e-5-porte-elegance-premium-pack-2-elettrica-arancione-61335194-b993-41c1-8e53-fb22403496f8?cldtidx=10&cldtsrc=listPage,-e 5 porte Elegance PREMIUM PACK 2
Auto Maggiolo Srl,Renault ZOE,IT,35010 Santa Maria di Non PD,a45bf5c2-2876-4c8d-b607-44a40cb1412e,"€ 21.000,- 12",12,21000,https://www.autoscout24.it/annunci/renault-zoe-intens-r135-flex-nuovo-modello-elettrica-bianco-a45bf5c2-2876-4c8d-b607-44a40cb1412e?cldtidx=11&cldtsrc=listPage,Intens R135 Flex NUOVO MODELLO
StarEmilia,smart forFour,IT,44124 Ferrara - Fe,53203e36-ec6b-486e-b23d-7f92b4d546e7,"€ 21.590,- 12",12,21590,https://www.autoscout24.it/annunci/smart-forfour-eq-pulse-elettrica-nero-53203e36-ec6b-486e-b23d-7f92b4d546e7?cldtidx=12&cldtsrc=listPage,EQ Pulse
Le Mini Auto,Altro,IT,20146 Milano – Mi,f181ea7e-6d9e-4cac-8a85-3c18a02992ed,"€ 13.990,- 2",2,13990,https://www.autoscout24.it/annunci/others-others-today-sunshine-m1-elettrica-blu-azzurro-f181ea7e-6d9e-4cac-8a85-3c18a02992ed?cldtidx=13&cldtsrc=listPage,Today SUNSHINE M1
Silvauto S.p.A,Renault ZOE,IT,24064 Grumello del Monte - Bergamo,808e74d5-cc07-4401-b83e-9235860e8dfd,"€ 11.950,- 12",12,11950,https://www.autoscout24.it/annunci/renault-zoe-life-r110-flex-108cv-52-kw-superincentivi-silvauto-elettrica-rosso-808e74d5-cc07-4401-b83e-9235860e8dfd?cldtidx=14&cldtsrc=listPage,LIFE R110 FLEX 108CV 52 KW-SUPERINCENTIVI SILVAUTO
AutoStore Monza,Tesla Model 3,IT,20851 Lissone MB,caa64755-444c-4ae6-9c7b-066f514944fb,"€ 65.500,- 12",12,65500,https://www.autoscout24.it/annunci/tesla-model-3-performance-elettrica-grigio-caa64755-444c-4ae6-9c7b-066f514944fb?cldtidx=15&cldtsrc=listPage,PERFORMANCE
Lain Auto Srl,Altro,IT,36066 Sandrigo - Vicenza - Vi,021a8ea4-8dca-4dfc-8ae5-d54f5478ee31,"€ 31.800,- 12",12,31800,https://www.autoscout24.it/annunci/others-others-xev-iev-7s-full-electric-fino-a-9-000-di-bonus-elettrica-argento-021a8ea4-8dca-4dfc-8ae5-d54f5478ee31?cldtidx=16&cldtsrc=listPage,XEV iEV 7S Full Electric Fino a 9.000€ di bonus
Targa Monza Srl,Aixam Coupe,IT,20900 Monza - Monza Brianza - Mb,0ba20aa1-57c0-4d9b-8c99-8f596dcd6283,"€ 18.990,- 12",12,18990,https://www.autoscout24.it/annunci/aixam-coupe-minicarmilano-pz-le-brescia-9-milano-elettrica-0ba20aa1-57c0-4d9b-8c99-8f596dcd6283?cldtidx=17&cldtsrc=listPage,"MinicarMilano Pz.le Brescia 9, Milano"
Targa Monza Srl,Aixam City,IT,20900 Monza - Monza Brianza - Mb,e8858fa5-ad4d-4d41-b6d9-cb34e32adece,"€ 11.599,- 12",12,11599,https://www.autoscout24.it/annunci/aixam-city-minicarmilano-pz-le-brescia-9-milano-elettrica-e8858fa5-ad4d-4d41-b6d9-cb34e32adece?cldtidx=18&cldtsrc=listPage,"MinicarMilano Pz.le Brescia 9, Milano"
Tecnicars Srl,Altro,IT,10154 Torino,de247eb9-07c8-4574-b417-7147667c6f75,"€ 26.500,- 2",2,26500,https://www.autoscout24.it/annunci/others-others-xev-iev7s-full-electric-elettrica-bianco-de247eb9-07c8-4574-b417-7147667c6f75?cldtidx=19&cldtsrc=listPage,XEV IEV7S - FULL ELECTRIC
Autorex Srl,Mitsubishi I-MiEV,IT,21057 Olgiate Olona - Varese - Va,34e04052-5b31-4aca-80d5-cacef06a6bbb,"€ 24.250,- 12",12,24250,https://www.autoscout24.it/annunci/mitsubishi-i-miev-5-porte-in-pronta-consegna-elettrica-argento-34e04052-5b31-4aca-80d5-cacef06a6bbb?cldtidx=20&cldtsrc=listPage,5 Porte in pronta consegna
Gruppo Morini di Automotive Group Srl,Nissan Leaf,IT,40068 San Lazzaro di Savena - Bologna - Bo,58561b65-7ebd-413d-9d2c-8203449d0950,"€ 27.900,- 1",1,27900,https://www.autoscout24.it/annunci/nissan-leaf-n-connecta-40-kwh-elettrica-58561b65-7ebd-413d-9d2c-8203449d0950?cldtidx=1&cldtsrc=listPage,N-Connecta 40 kWh
Torino Auto Spa,Fiat Panda,IT,10137 Torino - To,541556d7-387f-4d10-ab59-fdd5c98b0894,"€ 10.350,- 12",12,10350,https://www.autoscout24.it/annunci/fiat-panda-n1-autocarro-4-posti-1-0-70cv-gse-hybrid-n1-elettrica-bianco-541556d7-387f-4d10-ab59-fdd5c98b0894?cldtidx=1&cldtsrc=listPage,N1 AUTOCARRO 4 POSTI 1.0 70CV GSE HYBRID N1
Guidi Car Srl,Kia Soul,IT,51017 Montecatini Terme - Pistoia - Pt,c2ebf938-920f-427b-919f-ebda368d6d83,"€ 33.160,- 12",12,33160,https://www.autoscout24.it/annunci/kia-soul-ev-my21-style-long-range-11kw-elettrica-bianco-c2ebf938-920f-427b-919f-ebda368d6d83?cldtidx=2&cldtsrc=listPage,EV MY21 STYLE LONG RANGE 11KW
Car Emme Srl,Altro,IT,21100 Varese - Va,17f934db-f5ff-4cf3-a5f9-8fe066a3a197,"€ 21.890,- 12",12,21890,https://www.autoscout24.it/annunci/others-others-evo-100-electric-elettrica-argento-17f934db-f5ff-4cf3-a5f9-8fe066a3a197?cldtidx=3&cldtsrc=listPage,Evo 100% Electric
Torino Auto Spa,Fiat Panda,IT,10137 Torino - To,3709b22a-4ab3-4e7a-8867-b8604cb86dea,"€ 10.150,- 12",12,10150,https://www.autoscout24.it/annunci/fiat-panda-van-1-0-70cv-gse-hybrid-van-2-posti-elettrica-bianco-3709b22a-4ab3-4e7a-8867-b8604cb86dea?cldtidx=4&cldtsrc=listPage,VAN 1.0 70CV GSE HYBRID VAN 2 POSTI
Vicentini Spa - Audi Zentrum Verona,Audi e-tron,IT,37139 Verona - Vr,c073a3a1-7e7f-4ab1-bff5-37c716b2d4f7,"€ 100.400,- 12",12,100400,https://www.autoscout24.it/annunci/audi-e-tron-sb-55-360cv-q-s-line-edition-elettrica-blu-azzurro-c073a3a1-7e7f-4ab1-bff5-37c716b2d4f7?cldtidx=5&cldtsrc=listPage,SB 55 360CV Q. S Line Edition
Audi Zentrum Bologna - Penske Automotive Italy,Audi e-tron,IT,40138 Bologna - Bo,37c6967c-4d0b-46b2-85ec-edf994c368c1,"€ 78.450,- 12",12,78450,https://www.autoscout24.it/annunci/audi-e-tron-sportback-50-quattro-elettrica-nero-37c6967c-4d0b-46b2-85ec-edf994c368c1?cldtidx=6&cldtsrc=listPage,SPORTBACK 50 QUATTRO
Audi Zentrum Bologna - Penske Automotive Italy,Audi e-tron,IT,40138 Bologna - Bo,cc28493d-d65d-407d-b232-f85a761f770d,"€ 78.450,- 12",12,78450,https://www.autoscout24.it/annunci/audi-e-tron-sportback-50-quattro-elettrica-grigio-cc28493d-d65d-407d-b232-f85a761f770d?cldtidx=7&cldtsrc=listPage,SPORTBACK 50 QUATTRO
Audi Zentrum Bologna – Penske Automotive Italy,Audi e-tron,IT,40033 Casalecchio di Reno – Bo,446c7074-156c-4893-8561-518538532e20,"€ 78.450,- 12",12,78450,https://www.autoscout24.it/annunci/audi-e-tron-sportback-50-quattro-elettrica-grigio-446c7074-156c-4893-8561-518538532e20?cldtidx=8&cldtsrc=listPage,SPORTBACK 50 QUATTRO
Audi Zentrum Bologna – Penske Automotive Italy,Audi e-tron,IT,40033 Casalecchio di Reno – Bo,d647e11d-4c73-4a8a-b240-796d7f9e6531,"€ 78.450,- 12",12,78450,https://www.autoscout24.it/annunci/audi-e-tron-sportback-50-quattro-elettrica-nero-d647e11d-4c73-4a8a-b240-796d7f9e6531?cldtidx=9&cldtsrc=listPage,SPORTBACK 50 QUATTRO
Segreto Automobili,Opel Corsa,IT,20040 Cambiago - Milano,bd622c01-4355-4fca-a161-8059ad201b90,"€ 17.290,- 2",2,17290,https://www.autoscout24.it/annunci/opel-corsa-e-elettrica-da-e-17290-elettrica-arancione-bd622c01-4355-4fca-a161-8059ad201b90?cldtidx=10&cldtsrc=listPage,e Elettrica da E 17290
Segreto Automobili,Peugeot 2008,IT,20040 Cambiago - Milano,787db541-6fe5-494a-9f3d-61f28751e072,"€ 25.690,- 2",2,25690,https://www.autoscout24.it/annunci/peugeot-2008-elettrica-da-e-25690-elettrica-arancione-787db541-6fe5-494a-9f3d-61f28751e072?cldtidx=11&cldtsrc=listPage,Elettrica da E 25690
Segreto Automobili,Peugeot 208,IT,20040 Cambiago - Milano,60622641-a618-4bd3-a15f-bcff2f4e0e5c,"€ 21.490,- 2",2,21490,https://www.autoscout24.it/annunci/peugeot-208-e-elettrica-da-e-21490-elettrica-giallo-60622641-a618-4bd3-a15f-bcff2f4e0e5c?cldtidx=12&cldtsrc=listPage,e Elettrica da E 21490
Segreto Automobili,Hyundai Kona,IT,20040 Cambiago - Milano,5c1df9f7-5e7b-476a-b34f-2d90b3f2c7be,"€ 23.090,- 2",2,23090,https://www.autoscout24.it/annunci/hyundai-kona-electric-elettrica-da-e-23090-elettrica-grigio-5c1df9f7-5e7b-476a-b34f-2d90b3f2c7be?cldtidx=13&cldtsrc=listPage,Electric Elettrica da E 23090
Dream Land,Jaguar I-Pace,IT,57121 Livorno,f5ed4dea-3158-4f99-a3dc-a4f250998800,"€ 85.500,- 12",12,85500,https://www.autoscout24.it/annunci/jaguar-i-pace-ev-kwh-400-cv-auto-awd-se-elettrica-bianco-f5ed4dea-3158-4f99-a3dc-a4f250998800?cldtidx=14&cldtsrc=listPage,EV kWh 400 CV Auto AWD SE
Mecaprom Motors srl,Altro,IT,13900 Biella - Bi,03f19912-71e1-40d4-af7b-14ca5362a101,"€ 26.950,- 2",2,26950,https://www.autoscout24.it/annunci/others-others-epic0-pick-up-std-14kw-elettrica-blu-azzurro-03f19912-71e1-40d4-af7b-14ca5362a101?cldtidx=15&cldtsrc=listPage,Epic0 pick up std 14kW
Classic Car Milano srl,Aixam GTI,IT,20127 Milano - MI,1a43c3ab-50e9-4edf-8570-37a2f6663ee1,"€ 18.999,- 2",2,18999,https://www.autoscout24.it/annunci/aixam-gti-e-coupe-elettrica-elettrica-grigio-1a43c3ab-50e9-4edf-8570-37a2f6663ee1?cldtidx=16&cldtsrc=listPage,e-Coupè ELETTRICA !!!
Pelloni Auto Spa,Nissan E-NV200,IT,41122 Modena - Mo,ee62e6b3-db45-46bd-9523-6871d01980a0,"€ 30.253,- 12",12,30253,https://www.autoscout24.it/annunci/nissan-e-nv200-bus-business-5posti-40kw-100-elettrico-telecamera-elettrica-bianco-ee62e6b3-db45-46bd-9523-6871d01980a0?cldtidx=1&cldtsrc=listPage,Bus Business 5POSTI 40KW 100%ELETTRICO TELECAMERA
Pelloni Auto Spa,Nissan E-NV200,IT,41122 Modena - Mo,8f78c0a1-6345-4a82-8776-c20bb9595402,"€ 29.989,- 2",2,29989,https://www.autoscout24.it/annunci/nissan-e-nv200-evalia-7-posti-40kw-100-elettrico-offerta-settemb-elettrica-bianco-8f78c0a1-6345-4a82-8776-c20bb9595402?cldtidx=2&cldtsrc=listPage,Evalia 7 POSTI 40KW 100% ELETTRICO OFFERTA SETTEMB
Autogrifone Srl,Kia Soul,IT,41126 Modena,9e67b893-ff6a-4a3a-b12f-02fefa04d5d7,"€ 33.250,- 12",12,33250,https://www.autoscout24.it/annunci/kia-soul-e-64-kwh-style-elettrica-bianco-9e67b893-ff6a-4a3a-b12f-02fefa04d5d7?cldtidx=3&cldtsrc=listPage,e- 64 kWh Style
