seller,vehicle,country,address,id_annuncio,conditional_on_price,price,link_annuncio,vehicle_user_desc
Lombarda Motori Spa,SEAT Arona,IT,20900 Monza - Mb,2b8a6a3a-69ba-471a-ac1e-1eba3d5473a9,12,19340,https://www.autoscout24.it/annunci/seat-arona-1-0-tgi-style-metano-promo-rottamazione-metano-grigio-2b8a6a3a-69ba-471a-ac1e-1eba3d5473a9?cldtidx=1&cldtsrc=listPage,1.0 TGI Style - METANO PROMO ROTTAMAZIONE
Lombarda Motori Spa,SEAT Arona,IT,20900 Monza - Mb,912dff61-475d-48b8-8a92-411436d8e179,12,20570,https://www.autoscout24.it/annunci/seat-arona-1-0-tgi-fr-tgi-metano-promo-rottamazione-metano-bianco-912dff61-475d-48b8-8a92-411436d8e179?cldtidx=2&cldtsrc=listPage,1.0 TGI FR TGI - METANO PROMO ROTTAMAZIONE
Lombarda Motori spa,SEAT Arona,IT,20151 Milano - MI,13b6c2e6-a73c-4c5e-a219-397cc15005b5,12,20295,https://www.autoscout24.it/annunci/seat-arona-1-0-tgi-fr-promo-web-rottamazione-metano-rosso-13b6c2e6-a73c-4c5e-a219-397cc15005b5?cldtidx=3&cldtsrc=listPage,1.0 TGI FR PROMO WEB ROTTAMAZIONE
Bruno Auto srl,SEAT Arona,IT,22070 Cirimido - Como - CO,a5f0a9f6-b893-46a7-98d0-5a2bd7ef06aa,12,20499,https://www.autoscout24.it/annunci/seat-arona-1-0-tgi-90cv-xcellence-retrocamera-full-led-metano-bianco-a5f0a9f6-b893-46a7-98d0-5a2bd7ef06aa?cldtidx=4&cldtsrc=listPage,1.0 TGI 90CV XCELLENCE - RETROCAMERA - FULL LED
Scar Srl,Skoda Kamiq,IT,57100 Livorno - Li,c96bf025-5bf8-4a89-8121-acbeec3b2f64,2,20990,https://www.autoscout24.it/annunci/skoda-kamiq-1-0-g-tec-ambition-metano-nero-c96bf025-5bf8-4a89-8121-acbeec3b2f64?cldtidx=5&cldtsrc=listPage,1.0 G-Tec Ambition
Scar Srl,Skoda Kamiq,IT,57100 Livorno - Li,d1924f2b-c4ef-4bcf-a0a8-2498e63eaffd,12,20900,https://www.autoscout24.it/annunci/skoda-kamiq-1-0-g-tec-ambition-metano-grigio-d1924f2b-c4ef-4bcf-a0a8-2498e63eaffd?cldtidx=6&cldtsrc=listPage,1.0 G-Tec Ambition
Scar Srl,Skoda Kamiq,IT,57100 Livorno - Li,93d111e3-4e95-4185-af03-a7b979396c26,12,20700,https://www.autoscout24.it/annunci/skoda-kamiq-1-0-g-tec-ambition-metano-bianco-93d111e3-4e95-4185-af03-a7b979396c26?cldtidx=7&cldtsrc=listPage,1.0 G-Tec Ambition
Bruno Auto srl,SEAT Arona,IT,22070 Cirimido - Como - CO,7df73bad-e7d9-4a53-9052-b77dc10b9d21,2,21299,https://www.autoscout24.it/annunci/seat-arona-fr-1-0-tgi-90cv-retrocamera-cerchi-18-metano-rosso-7df73bad-e7d9-4a53-9052-b77dc10b9d21?cldtidx=8&cldtsrc=listPage,"FR 1.0 TGI 90CV - RETROCAMERA - CERCHI 18"""
Lombarda Motori Spa,SEAT Arona,IT,20900 Monza - Mb,70080804-d546-451c-b599-a3e6104e9fc5,12,20120,https://www.autoscout24.it/annunci/seat-arona-1-0-tgi-xcellence-ecobonus-rottamazione-metano-grigio-70080804-d546-451c-b599-a3e6104e9fc5?cldtidx=9&cldtsrc=listPage,1.0 TGI Xcellence - ECOBONUS ROTTAMAZIONE
Lombarda Motori spa,SEAT Arona,IT,20151 Milano - MI,04818431-e45f-44e7-aa97-9f87b6a56001,12,21185,https://www.autoscout24.it/annunci/seat-arona-1-0-tgi-fr-promo-web-rottamazione-metano-rosso-04818431-e45f-44e7-aa97-9f87b6a56001?cldtidx=10&cldtsrc=listPage,1.0 TGI FR PROMO WEB ROTTAMAZIONE
Lombarda Motori spa,SEAT Arona,IT,20151 Milano - MI,98bb18ea-4935-4c3c-8064-64273375e802,12,20250,https://www.autoscout24.it/annunci/seat-arona-1-0-tgi-xcellence-promo-web-rottamazione-metano-bianco-98bb18ea-4935-4c3c-8064-64273375e802?cldtidx=11&cldtsrc=listPage,1.0 TGI XCELLENCE PROMO WEB ROTTAMAZIONE
Lombarda Motori spa,SEAT Arona,IT,20151 Milano - MI,e0ec21db-28f9-4db4-b834-36d4a66fa2d2,12,20525,https://www.autoscout24.it/annunci/seat-arona-1-0-tgi-xcellence-promo-web-rottamazione-metano-grigio-e0ec21db-28f9-4db4-b834-36d4a66fa2d2?cldtidx=12&cldtsrc=listPage,1.0 TGI XCELLENCE PROMO WEB ROTTAMAZIONE
Auto Po Srl,SEAT Arona,Marino Brizzante,IT,5e8b8a15-9e20-4cb1-87a9-417cd0bd8499,12,19800,https://www.autoscout24.it/annunci/seat-arona-1-0-tgi-xcellence-xcellence-pack-nuova-metano-argento-5e8b8a15-9e20-4cb1-87a9-417cd0bd8499?cldtidx=13&cldtsrc=listPage,1.0 TGI XCELLENCE Xcellence Pack Nuova
Autovega Srl,Skoda Kamiq,IT,36060 Romano D'Ezzelino - Vicenza - Vi,c8102942-e3b5-44c3-adfa-f3673139bb44,12,23100,https://www.autoscout24.it/annunci/skoda-kamiq-1-0-g-tec-ambition-metano-nero-c8102942-e3b5-44c3-adfa-f3673139bb44?cldtidx=14&cldtsrc=listPage,1.0 G-Tec Ambition
Autovega Srl,Skoda Kamiq,IT,36060 Romano D'Ezzelino - Vicenza - Vi,def01c8d-dc85-4abf-9a92-8c99a6a11887,12,22900,https://www.autoscout24.it/annunci/skoda-kamiq-1-0-g-tec-ambition-metano-argento-def01c8d-dc85-4abf-9a92-8c99a6a11887?cldtidx=15&cldtsrc=listPage,1.0 G-Tec Ambition
Primovei Auto Srl,SEAT Arona,IT,41051 Castelnuovo Rangone - Modena - Mo,4eb61be9-74f5-4ad4-8026-d7057ae6f3ae,12,19000,https://www.autoscout24.it/annunci/seat-arona-1-0-tgi-style-metano-bianco-4eb61be9-74f5-4ad4-8026-d7057ae6f3ae?cldtidx=16&cldtsrc=listPage,1.0 TGI Style
Silvauto S.p.A,Skoda Kamiq,IT,24064 Grumello del Monte - Bergamo,4d1919e7-99f7-47ef-80ea-5f4dfef9037e,2,17400,https://www.autoscout24.it/annunci/skoda-kamiq-1-0-g-tec-90-cv-ambition-my-20-nuova-ufficiale-metano-blu-azzurro-4d1919e7-99f7-47ef-80ea-5f4dfef9037e?cldtidx=17&cldtsrc=listPage,1.0 G-TEC 90 CV AMBITION MY' 20 - NUOVA UFFICIALE
Marinelli Motor by Mbl Motors,SEAT Arona,IT,45026 Lendinara - Rovigo,e52abfda-3833-418c-9ea5-536687918479,12,16999,https://www.autoscout24.it/annunci/seat-arona-seat-1-0-tgi-90cv-metano-nuova-metano-blu-azzurro-e52abfda-3833-418c-9ea5-536687918479?cldtidx=18&cldtsrc=listPage,SEAT 1.0 TGI 90cv METANO NUOVA!
Piemme Auto di Mechetti Srl,Skoda Octavia,IT,50053 Empoli - Firenze,191f0bd2-72e8-45f0-a478-6ca805315be5,12,24500,https://www.autoscout24.it/annunci/skoda-octavia-1-5-dsg-wagon-style-g-tec-metano-grigio-191f0bd2-72e8-45f0-a478-6ca805315be5?cldtidx=1&cldtsrc=listPage,1.5 DSG Wagon Style G-Tec
Piemme Auto di Mechetti Srl,Skoda Octavia,IT,50053 Empoli - Firenze,ba50c445-820f-4b1c-bb57-f3367d0825ae,12,22200,https://www.autoscout24.it/annunci/skoda-octavia-1-5-dsg-wagon-executive-g-tec-metano-bianco-ba50c445-820f-4b1c-bb57-f3367d0825ae?cldtidx=2&cldtsrc=listPage,1.5 DSG Wagon Executive G-Tec
Autoservice srls,Audi A4,IT,10142 Torino,daaab6a0-8c22-4c8d-aa03-ec056da84fc3,2,40500,https://www.autoscout24.it/annunci/audi-a4-avant-2-0-g-tron-170cv-s-tronic-business-advanced-metano-grigio-daaab6a0-8c22-4c8d-aa03-ec056da84fc3?cldtidx=3&cldtsrc=listPage,Avant 2.0 g-tron 170cv S tronic Business Advanced
Silvauto S.p.A,Skoda Octavia,IT,24064 Grumello del Monte - Bergamo,33e29394-e1ee-435e-9fe9-8bad942ce609,2,25100,https://www.autoscout24.it/annunci/skoda-octavia-wagon-new-1-5-g-tec-130-cv-dsg-executive-my-20-metano-blu-azzurro-33e29394-e1ee-435e-9fe9-8bad942ce609?cldtidx=4&cldtsrc=listPage,WAGON NEW 1.5 G-TEC 130 CV DSG EXECUTIVE MY' 20
Turincar Srl,Skoda Octavia,IT,10100 Torino - To,34f5721d-cf09-4305-8dda-709aac96cf4f,2,21300,https://www.autoscout24.it/annunci/skoda-octavia-1-5-dsg-wagon-executive-g-tec-drive-pack-nuova-da-metano-argento-34f5721d-cf09-4305-8dda-709aac96cf4f?cldtidx=5&cldtsrc=listPage,1.5 DSG Wagon Executive G-Tec+DRIVE PACK+NUOVA DA
Bossoni Automobili Spa,Skoda Octavia,IT,26100 Cremona - Cr,cba83e01-5144-4aac-b50c-894493f6d569,12,25881,https://www.autoscout24.it/annunci/skoda-octavia-nuova-wagon-wagon-1-5-g-tec-ambition-dsg-my-20-metano-bianco-cba83e01-5144-4aac-b50c-894493f6d569?cldtidx=6&cldtsrc=listPage,NUOVA WAGON WAGON 1.5 G-TEC AMBITION DSG MY 20
Bossoni Automobili Spa,Skoda Octavia,IT,26100 Cremona - Cr,7403228b-eb96-43c1-bd40-92a96aebcb3d,12,25881,https://www.autoscout24.it/annunci/skoda-octavia-nuova-wagon-wagon-1-5-g-tec-ambition-dsg-my-20-metano-bianco-7403228b-eb96-43c1-bd40-92a96aebcb3d?cldtidx=7&cldtsrc=listPage,NUOVA WAGON WAGON 1.5 G-TEC AMBITION DSG MY 20
Borsoi,SEAT Arona,Borsoi Mestre,IT,20263095-b834-4b04-b6af-64c246b887ff,12,18900,https://www.autoscout24.it/annunci/seat-arona-1-0-tgi-fr-metano-grigio-20263095-b834-4b04-b6af-64c246b887ff?cldtidx=8&cldtsrc=listPage,1.0 TGI FR
Borsoi,SEAT Arona,IT,30170 Mestre - Venezia - Ve,f12d8275-6598-4e8b-89df-19ddca19fb00,12,18900,https://www.autoscout24.it/annunci/seat-arona-1-0-tgi-fr-metano-blu-azzurro-f12d8275-6598-4e8b-89df-19ddca19fb00?cldtidx=9&cldtsrc=listPage,1.0 TGI FR
Superauto Spa,Volkswagen Golf,IT,35131 Padova,c099f5d0-0e90-4884-a896-df18bdf228e9,12,26100,https://www.autoscout24.it/annunci/volkswagen-golf-1-5-tgi-dsg-5p-business-bmt-metano-grigio-c099f5d0-0e90-4884-a896-df18bdf228e9?cldtidx=10&cldtsrc=listPage,1.5 TGI DSG 5p. Business BMT
Autovega Srl,Volkswagen Golf Variant,IT,36100 Vicenza - Vi,b37658cd-eb78-4272-8a89-8acb7d584083,2,26600,https://www.autoscout24.it/annunci/volkswagen-golf-variant-1-5-tgi-dsg-5p-business-bluemotione-tech-metano-blu-azzurro-b37658cd-eb78-4272-8a89-8acb7d584083?cldtidx=11&cldtsrc=listPage,1.5 TGI DSG 5p. Business BlueMotione Tech.
Vicentini Spa - Audi Zentrum Verona,Audi A4,IT,37139 Verona - Vr,98c7be38-b2a9-435a-948d-c2d61a4bc7cc,12,45800,https://www.autoscout24.it/annunci/audi-a4-avant-g-tron-170cv-str-business-advanced-l-54-157-metano-nero-98c7be38-b2a9-435a-948d-c2d61a4bc7cc?cldtidx=12&cldtsrc=listPage,Avant g-tron 170CV Str Business Advanced L:54.157€
Autovega Srl,Skoda Octavia,IT,36100 Vicenza - Vi,dcba62cf-b03d-4402-897a-2415836d9679,12,22500,https://www.autoscout24.it/annunci/skoda-octavia-1-5-dsg-wagon-executive-g-tec-metano-bianco-dcba62cf-b03d-4402-897a-2415836d9679?cldtidx=13&cldtsrc=listPage,1.5 DSG Wagon Executive G-Tec
Audi Zentrum Bologna - Penske Automotive Italy,Audi A4,IT,40138 Bologna - Bo,6c5f1864-788c-4cc6-8d9a-e6ca910bf619,12,38150,https://www.autoscout24.it/annunci/audi-a4-avant-40-g-tron-s-tronic-metano-bianco-6c5f1864-788c-4cc6-8d9a-e6ca910bf619?cldtidx=14&cldtsrc=listPage,Avant 40 g-tron S tronic
Audi Zentrum Bologna – Penske Automotive Italy,Audi A4,IT,40033 Casalecchio di Reno – Bo,b513cb7b-b371-469e-98c5-dc38c5d1b437,12,38150,https://www.autoscout24.it/annunci/audi-a4-avant-40-g-tron-s-tronic-metano-bianco-b513cb7b-b371-469e-98c5-dc38c5d1b437?cldtidx=15&cldtsrc=listPage,Avant 40 g-tron S tronic
Vicentini Spa - Audi Zentrum Verona,Audi A4,IT,37139 Verona - Vr,4233b443-e8f0-4d8f-a2f2-c559e7120290,12,50200,https://www.autoscout24.it/annunci/audi-a4-avant-40g-tron-170cv-str-s-line-edition-metano-grigio-4233b443-e8f0-4d8f-a2f2-c559e7120290?cldtidx=16&cldtsrc=listPage,Avant 40g-tron 170CV Str S Line Edition
Pelloni Auto Spa,DR Motor DR4,IT,41122 Modena - Mo,fdefda0a-3e3d-47aa-90b6-0982d34cccab,2,19400,https://www.autoscout24.it/annunci/dr-motor-dr4-1-6-b-metano-fino-8-anni-di-garanzia-pelloni-auto-metano-bianco-fdefda0a-3e3d-47aa-90b6-0982d34cccab?cldtidx=17&cldtsrc=listPage,1.6 B-METANO FINO 8 ANNI DI GARANZIA PELLONI AUTO
Bimauto Srl,Volkswagen Golf Variant,IT,15122 Alessandria,37c4ca55-3711-4d2f-82db-232a08c6feef,12,26550,https://www.autoscout24.it/annunci/volkswagen-golf-variant-7-variant-2020-variant-1-5-tgi-business-dsg-130cv-metano-grigio-37c4ca55-3711-4d2f-82db-232a08c6feef?cldtidx=18&cldtsrc=listPage,7 VARIANT 2020 VARIANT 1.5 TGI BUSINESS DSG 130CV
Autosalone Cavour Srl,Volkswagen Golf,IT,44122 Ferrara - Fe,4ff2278c-dce2-4907-897d-b2f15cfa2788,2,29000,https://www.autoscout24.it/annunci/volkswagen-golf-7-serie-variant-1-5-tgi-dsg-trendline-metano-argento-4ff2278c-dce2-4907-897d-b2f15cfa2788?cldtidx=19&cldtsrc=listPage,7ª serie Variant 1.5 TGI DSG Trendline
Turincar Srl,Skoda Octavia,Responsabile Usato,IT,04e9fba0-6d82-4ab4-ab20-1a57d47c0241,2,21000,https://www.autoscout24.it/annunci/skoda-octavia-1-5-dsg-wagon-executive-g-tec-nuova-da-immatricola-metano-argento-04e9fba0-6d82-4ab4-ab20-1a57d47c0241?cldtidx=20&cldtsrc=listPage,1.5 DSG Wagon Executive G-Tec NUOVA DA IMMATRICOLA
Saottini Auto Spa - Divisione Usato,Skoda Octavia,IT,25135 Brescia - Bs,e1c65947-d0dd-4ffb-afc0-dd9cadcbc09f,1,22300,https://www.autoscout24.it/annunci/skoda-octavia-1-5-dsg-wagon-executive-g-tec-pronta-consegna-metano-grigio-e1c65947-d0dd-4ffb-afc0-dd9cadcbc09f?cldtidx=1&cldtsrc=listPage,1.5 DSG Wagon Executive G-Tec (PRONTA CONSEGNA)
Saottini Auto Spa – Filiale di Desenzano,Audi A4,IT,25015 Desenzano del Garda - Brescia - Bs,ea59090f-1080-4501-96aa-6bbedde65271,41,49900,https://www.autoscout24.it/annunci/audi-a4-avant-stronic-gtron-s-line-ed-list-59-500-metano-bianco-ea59090f-1080-4501-96aa-6bbedde65271?cldtidx=2&cldtsrc=listPage,AVANT STRONIC GTRON S-Line Ed list. 59.500€
Autovega Srl,SEAT Leon,IT,36100 Vicenza - Vi,7e8b14f0-283c-42a4-9cce-b31b3a612d69,41,22600,https://www.autoscout24.it/annunci/seat-leon-1-5-tgi-dsg-st-business-metano-nero-7e8b14f0-283c-42a4-9cce-b31b3a612d69?cldtidx=3&cldtsrc=listPage,1.5 TGI DSG ST Business
Ulisse Cattaneo Srl,Volkswagen Golf Variant,IT,24060 San Paolo d' Aragon - Bergamo - Bg,5b546ca0-0313-4198-b24b-279f7f8f0855,41,27999,https://www.autoscout24.it/annunci/volkswagen-golf-variant-1-5-tgi-business-dsg-130cv-metano-in-arrivo-metano-grigio-5b546ca0-0313-4198-b24b-279f7f8f0855?cldtidx=4&cldtsrc=listPage,1.5 TGI BUSINESS DSG 130CV METANO IN ARRIVO
Borsoi srl,SEAT Arona,IT,31100 Treviso - TV,97a7a335-da91-4cb3-9e72-99ec4839b166,41,18900,https://www.autoscout24.it/annunci/seat-arona-1-0-tgi-fr-metano-bianco-97a7a335-da91-4cb3-9e72-99ec4839b166?cldtidx=5&cldtsrc=listPage,1.0 TGI FR
Borsoi,SEAT Arona,IT,30170 Mestre - Venezia - Ve,28ae05ad-ac30-492d-8d92-8cbf26238e75,41,18900,https://www.autoscout24.it/annunci/seat-arona-1-0-tgi-fr-metano-rosso-28ae05ad-ac30-492d-8d92-8cbf26238e75?cldtidx=6&cldtsrc=listPage,1.0 TGI FR
Dinamica Ecoservizi srl,Skoda Octavia,IT,"42020 Borzano, Albinea - Reggio Emilia - RE",95ddde3d-5447-4672-8142-11e59b880f9f,41,23500,https://www.autoscout24.it/annunci/skoda-octavia-1-5-sw-ambition-g-tec--m-378-63-senza-acconto-metano-bianco-95ddde3d-5447-4672-8142-11e59b880f9f?cldtidx=7&cldtsrc=listPage,"1.5 SW Ambition G-Tec €/M 378,63 senza Acconto"
Autovega Srl,SEAT Leon,IT,36060 Romano D'Ezzelino - Vicenza - Vi,a7de0b78-c19f-4359-8ce2-1ef852c90d91,41,23950,https://www.autoscout24.it/annunci/seat-leon-1-5-tgi-dsg-st-business-metano-argento-a7de0b78-c19f-4359-8ce2-1ef852c90d91?cldtidx=8&cldtsrc=listPage,1.5 TGI DSG ST Business
Frav Srl,Audi A4,IT,36077 Altavilla Vicentina - Vicenza,6855315b-5e61-4bc9-98ad-abc926d115a7,41,48800,https://www.autoscout24.it/annunci/audi-a4-avant-40-g-tron-s-tronic-s-line-edition-metano-6855315b-5e61-4bc9-98ad-abc926d115a7?cldtidx=9&cldtsrc=listPage,Avant 40 g-tron S tronic S line edition
Frav Srl,Audi A4,IT,36077 Altavilla Vicentina - Vicenza,1982287a-c464-487c-9156-4843c1d65fdf,41,46700,https://www.autoscout24.it/annunci/audi-a4-avant-40-g-tron-s-tronic-s-line-edition-metano-1982287a-c464-487c-9156-4843c1d65fdf?cldtidx=10&cldtsrc=listPage,Avant 40 g-tron S tronic S line edition
Silvauto S.p.A,Audi A4,IT,24064 Grumello del Monte - Bergamo,3fba64c3-1a84-45ed-968b-97d254254370,41,34700,https://www.autoscout24.it/annunci/audi-a4-avant-40-g-tron-s-tronic-superincentivo-silvauto-metano-bianco-3fba64c3-1a84-45ed-968b-97d254254370?cldtidx=11&cldtsrc=listPage,AVANT 40 G-TRON S-TRONIC - SUPERINCENTIVO SILVAUTO
Riviera Motori Srl,SEAT Arona,IT,30031 Dolo - Venezia,5dfabb42-6880-4a74-a0c1-b8df7e4cceae,41,23390,https://www.autoscout24.it/annunci/seat-arona-1-0-tgi-fr-full-led-cerchi-18-metano-bianco-5dfabb42-6880-4a74-a0c1-b8df7e4cceae?cldtidx=12&cldtsrc=listPage,1.0 TGI FR Full Led Cerchi 18'
Silvauto S.p.A,SEAT Arona,IT,24064 Grumello del Monte - Bergamo,c88c27c0-ef97-4c09-a3ef-bb39e3af28f7,41,14950,https://www.autoscout24.it/annunci/seat-arona-1-0-tgi-90cv-reference-my-20-ufficiale-italiana-metano-rosso-c88c27c0-ef97-4c09-a3ef-bb39e3af28f7?cldtidx=13&cldtsrc=listPage,1.0 TGI 90CV Reference my'20- UFFICIALE ITALIANA
Scar Srl,Skoda Scala,IT,57100 Livorno - Li,c67275b9-0732-4bdf-bac8-fae16610ac2a,12,19990,https://www.autoscout24.it/annunci/skoda-scala-1-0-g-tec-ambition-metano-bianco-c67275b9-0732-4bdf-bac8-fae16610ac2a?cldtidx=1&cldtsrc=listPage,1.0 G-Tec Ambition
Auto Market Srl,Volkswagen Golf,IT,30037 Scorze' - Venezia - Ve,12bea1ad-0415-47b6-b01e-4c7ad4f02b5f,2,28900,https://www.autoscout24.it/annunci/volkswagen-golf-1-5-tgi-dsg-style-navi-a--393-mese-metano-bianco-12bea1ad-0415-47b6-b01e-4c7ad4f02b5f?cldtidx=2&cldtsrc=listPage,1.5 TGI DSG Style NAVI....a € 393 mese
Auto Market Srl,Volkswagen Golf,IT,30037 Scorze' - Venezia - Ve,637a56de-bab6-4736-b740-7dac645a9c37,2,27300,https://www.autoscout24.it/annunci/volkswagen-golf-1-5-tgi-dsg-life-navi-a--393-mese-metano-nero-637a56de-bab6-4736-b740-7dac645a9c37?cldtidx=3&cldtsrc=listPage,1.5 TGI DSG LIfe NAVI ....a € 393 mese
Audi Zentrum Bologna - Penske Automotive Italy,Audi A5,IT,40138 Bologna - Bo,44c2a82f-63be-4760-88df-0d2a9bbb9c2f,12,52350,https://www.autoscout24.it/annunci/audi-a5-spb-40-g-tron-s-tronic-metano-nero-44c2a82f-63be-4760-88df-0d2a9bbb9c2f?cldtidx=4&cldtsrc=listPage,SPB 40 g-tron S tronic
Audi Zentrum Bologna – Penske Automotive Italy,Audi A5,IT,40033 Casalecchio di Reno – Bo,66605f91-1174-47d3-b013-86fa76048260,12,52350,https://www.autoscout24.it/annunci/audi-a5-spb-40-g-tron-s-tronic-metano-nero-66605f91-1174-47d3-b013-86fa76048260?cldtidx=5&cldtsrc=listPage,SPB 40 g-tron S tronic
Comotors Srl,SEAT Ibiza,IT,22100 Como - CO,a3ceb463-c762-40e4-9309-3fe56eb1dca3,12,13250,https://www.autoscout24.it/annunci/seat-ibiza-1-0-tgi-5p-business-p-iva-aziende-metano-bianco-a3ceb463-c762-40e4-9309-3fe56eb1dca3?cldtidx=6&cldtsrc=listPage,1.0 TGI 5p. Business P.IVA/Aziende
Comotors Srl,SEAT Ibiza,IT,22100 Como - CO,a7948f75-7941-4adb-9b63-e9dec0e02fb6,12,14350,https://www.autoscout24.it/annunci/seat-ibiza-1-0-tgi-5p-business-metano-blu-azzurro-a7948f75-7941-4adb-9b63-e9dec0e02fb6?cldtidx=7&cldtsrc=listPage,1.0 TGI 5p. Business
Lombarda Motori Spa,SEAT Ibiza,IT,20900 Monza - Mb,5d615a47-6637-4300-9949-f597ed16c1e9,2,14640,https://www.autoscout24.it/annunci/seat-ibiza-1-0-tgi-5p-business-ecobonus-statale-metano-argento-5d615a47-6637-4300-9949-f597ed16c1e9?cldtidx=8&cldtsrc=listPage,1.0 TGI 5p. Business - ECOBONUS STATALE
Piemme Auto di Mechetti Srl,Skoda Scala,Daniele Paganelli,IT,a4c01cc5-913e-45d6-bf0f-2024509cda3e,12,19600,https://www.autoscout24.it/annunci/skoda-scala-1-0-g-tec-ambition-metano-grigio-a4c01cc5-913e-45d6-bf0f-2024509cda3e?cldtidx=9&cldtsrc=listPage,1.0 G-Tec Ambition
Gruppo VAuto - Alessandria,SEAT Ibiza,IT,15121 Alessandria - Al,4fe02ef1-b1a7-4eae-9c7e-56b447036b26,2,13300,https://www.autoscout24.it/annunci/seat-ibiza-1-0-tgi-5p-business-metano-grigio-4fe02ef1-b1a7-4eae-9c7e-56b447036b26?cldtidx=10&cldtsrc=listPage,1.0 TGI 5p. Business
Gruppo VAuto - Biella ( Gaglianico),SEAT Ibiza,IT,13894 Gaglianico - Biella - Bi,b7a6f2c9-7f96-4a1a-80fb-6474ed4bc88c,2,13300,https://www.autoscout24.it/annunci/seat-ibiza-1-0-tgi-5p-business-metano-grigio-b7a6f2c9-7f96-4a1a-80fb-6474ed4bc88c?cldtidx=11&cldtsrc=listPage,1.0 TGI 5p. Business
Gruppo VAuto - Novara ( Cameri),SEAT Ibiza,IT,28062 Cameri - Novara - No,cc4b6c82-b4f2-4264-ba20-945c84b3bb46,2,13300,https://www.autoscout24.it/annunci/seat-ibiza-1-0-tgi-5p-business-metano-grigio-cc4b6c82-b4f2-4264-ba20-945c84b3bb46?cldtidx=12&cldtsrc=listPage,1.0 TGI 5p. Business
Gruppo VAuto - Verbania,SEAT Ibiza,IT,28921 Verbania - Vb,b7e1358e-64c3-4631-bac7-f8c8f749306e,2,13300,https://www.autoscout24.it/annunci/seat-ibiza-1-0-tgi-5p-business-metano-grigio-b7e1358e-64c3-4631-bac7-f8c8f749306e?cldtidx=13&cldtsrc=listPage,1.0 TGI 5p. Business
Gruppo Vauto sede Vercelli,SEAT Ibiza,IT,13100 Vercelli - Vc,ad0d68c8-76ed-4ce8-ad36-6208d8901015,2,13300,https://www.autoscout24.it/annunci/seat-ibiza-1-0-tgi-5p-business-metano-grigio-ad0d68c8-76ed-4ce8-ad36-6208d8901015?cldtidx=14&cldtsrc=listPage,1.0 TGI 5p. Business
Auto Market Srl,Volkswagen up!,IT,30037 Scorze' - Venezia - Ve,9ff03d6d-0683-4c42-b87c-a30e87c9da1e,2,11900,https://www.autoscout24.it/annunci/volkswagen-up-1-0-5p-eco-move-up-a--184-al-mese-metano-bianco-9ff03d6d-0683-4c42-b87c-a30e87c9da1e?cldtidx=15&cldtsrc=listPage,1.0 5p. eco move up! ...a € 184 al mese
Scar Srl,Skoda Scala,IT,57100 Livorno - Li,669f8b6c-b279-4db0-a930-0159d7ae5b76,12,21800,https://www.autoscout24.it/annunci/skoda-scala-1-0-g-tec-style-metano-bianco-669f8b6c-b279-4db0-a930-0159d7ae5b76?cldtidx=16&cldtsrc=listPage,1.0 G-Tec Style
Sassi Srl,SEAT Ibiza,IT,20025 Legnano - Milano - Mi,213da5b8-a970-43f1-86e7-69c65a11ee66,2,14400,https://www.autoscout24.it/annunci/seat-ibiza-1-0-tgi-5p-business-ecobonus-metano-bianco-213da5b8-a970-43f1-86e7-69c65a11ee66?cldtidx=17&cldtsrc=listPage,1.0 TGI 5p. Business ecobonus
Superauto Spa,Volkswagen up!,IT,35131 Padova,38e211a0-889b-4f45-87d4-add5913f53c2,12,14900,https://www.autoscout24.it/annunci/volkswagen-up-1-0-5p-eco-move-bmt-metano-nero-38e211a0-889b-4f45-87d4-add5913f53c2?cldtidx=18&cldtsrc=listPage,1.0 5p. eco move BMT
Scarabel Spa,Volkswagen Golf,Servizio Vendite,IT,93d40f5c-641f-4235-ab26-50edecdb4657,12,22400,https://www.autoscout24.it/annunci/volkswagen-golf-7-serie-1-5-tgi-dsg-5p-trendline-bluemotion-tech-metano-argento-93d40f5c-641f-4235-ab26-50edecdb4657?cldtidx=19&cldtsrc=listPage,7ª serie 1.5 TGI DSG 5p. Trendline BlueMotion Tech
Scarabel Spa,Volkswagen Polo,Servizio Vendite,IT,a60f61a6-6fb4-4e88-906d-8962302a7b14,12,19600,https://www.autoscout24.it/annunci/volkswagen-polo-6-serie-1-0-tgi-5p-sport-bluemotion-technology-metano-nero-a60f61a6-6fb4-4e88-906d-8962302a7b14?cldtidx=20&cldtsrc=listPage,6ª serie 1.0 TGI 5p. Sport BlueMotion Technology
Zancauto FCA Official,Fiat Panda,IT,37040 Zimella - Verona - VR,1b9c7c4b-abd8-4f02-89fb-8100fd6de8ef,12,13300,https://www.autoscout24.it/annunci/fiat-panda-s3-0-9-metano-70cv-easy-5p-stock-settembre-metano-rosso-1b9c7c4b-abd8-4f02-89fb-8100fd6de8ef?cldtidx=1&cldtsrc=listPage,S3 0.9 Metano 70CV Easy (5P) STOCK SETTEMBRE
Superauto Spa,Volkswagen Polo,IT,35131 Padova,dd2386fc-ac18-4bf0-81af-7bf2f03a9c8d,12,21800,https://www.autoscout24.it/annunci/volkswagen-polo-1-0-tgi-5p-sport-bluemotion-technology-metano-nero-dd2386fc-ac18-4bf0-81af-7bf2f03a9c8d?cldtidx=2&cldtsrc=listPage,1.0 TGI 5p. Sport BlueMotion Technology
Emme Motori,Volkswagen Golf,Matteo Bellardi,IT,24a23d1d-c9be-4c49-b3d0-d3cd7f299860,2,21600,https://www.autoscout24.it/annunci/volkswagen-golf-1-5-tgi-dsg-5p-trendline-pronta-nuova-ufficiale-metano-grigio-24a23d1d-c9be-4c49-b3d0-d3cd7f299860?cldtidx=3&cldtsrc=listPage,1.5 TGI DSG 5p. Trendline Pronta - Nuova Ufficiale
Bimauto Srl,Volkswagen Golf,IT,15122 Alessandria,050ef350-c306-40d8-ace5-362e50073ae1,12,30100,https://www.autoscout24.it/annunci/volkswagen-golf-8-1-5-etsi-evo-act-dsg-style-dsg-metano-bianco-050ef350-c306-40d8-ace5-362e50073ae1?cldtidx=4&cldtsrc=listPage,8 1.5 ETSI EVO ACT DSG STYLE DSG
Bimauto Srl,Volkswagen Golf,IT,15122 Alessandria,28bf6464-a2ba-4bc6-8f4c-b3dc7ee7b3fa,12,30200,https://www.autoscout24.it/annunci/volkswagen-golf-life-1-5-l-tsi-filtro-metano-grigio-28bf6464-a2ba-4bc6-8f4c-b3dc7ee7b3fa?cldtidx=5&cldtsrc=listPage,"LIFE 1,5 L TSI FILTRO"
Borsoi srl,SEAT Ibiza,Borsoi Treviso,IT,9b4fc654-e23e-499a-85fd-26f49e164d71,12,16750,https://www.autoscout24.it/annunci/seat-ibiza-1-0-tgi-5p-fr-metano-rosso-9b4fc654-e23e-499a-85fd-26f49e164d71?cldtidx=6&cldtsrc=listPage,1.0 TGI 5p. FR
Superauto Spa,Volkswagen Polo,IT,35131 Padova,60bdd035-fa7a-4828-9a5a-8094112615ce,12,20500,https://www.autoscout24.it/annunci/volkswagen-polo-1-0-tgi-5p-sport-bluemotion-technology-metano-argento-60bdd035-fa7a-4828-9a5a-8094112615ce?cldtidx=7&cldtsrc=listPage,1.0 TGI 5p. Sport BlueMotion Technology
Bimauto Srl,Volkswagen Golf,IT,15122 Alessandria,b35b68f3-781e-41fe-ae64-bf43e70ab196,12,29970,https://www.autoscout24.it/annunci/volkswagen-golf-8-life-1-5-l-tsi-metano-bianco-b35b68f3-781e-41fe-ae64-bf43e70ab196?cldtidx=8&cldtsrc=listPage,8 LIFE 1.5 L TSI
Superauto Spa,Volkswagen Golf,IT,35131 Padova,f79f4ba7-2cac-4ff2-a1ce-33730693f226,12,26000,https://www.autoscout24.it/annunci/volkswagen-golf-1-5-tgi-dsg-5p-executive-bmt-metano-argento-f79f4ba7-2cac-4ff2-a1ce-33730693f226?cldtidx=9&cldtsrc=listPage,1.5 TGI DSG 5p. Executive BMT
Zancauto FCA Official,Fiat Panda,IT,37040 Zimella - Verona - VR,fbe6611f-6fcc-409d-a223-fa4cc396a27a,12,13050,https://www.autoscout24.it/annunci/fiat-panda-s3-0-9-metano-70cv-easy-stock-settembre-metano-nero-fbe6611f-6fcc-409d-a223-fa4cc396a27a?cldtidx=10&cldtsrc=listPage,S3 0.9 Metano 70CV Easy STOCK SETTEMBRE
BMA Motori,Volkswagen up!,IT,31021 Mogliano Veneto - Treviso - TV,14e1debc-bd5d-43ee-b68f-6da5d7959560,12,13590,https://www.autoscout24.it/annunci/volkswagen-up-1-0-5p-eco-move-up-metano-retrocamera-sensori-metano-argento-14e1debc-bd5d-43ee-b68f-6da5d7959560?cldtidx=11&cldtsrc=listPage,1.0 5p. eco move up! Metano - Retrocamera/Sensori
Autosalone Cavour Srl,Volkswagen Golf,IT,44122 Ferrara - Fe,768d1394-5533-4028-84f5-f3a09600972f,2,22900,https://www.autoscout24.it/annunci/volkswagen-golf-7-serie-1-5-tgi-dsg-trendline-bmt-metano-bianco-768d1394-5533-4028-84f5-f3a09600972f?cldtidx=12&cldtsrc=listPage,7ª serie 1.5 TGI DSG Trendline BMT
Autosalone Cavour Srl,Volkswagen Golf,IT,44122 Ferrara - Fe,ac7d5df6-bc4f-4954-8d0a-b5848d2e07d7,2,27000,https://www.autoscout24.it/annunci/volkswagen-golf-7-serie-1-5-tgi-dsg-5p-executive-metano-argento-ac7d5df6-bc4f-4954-8d0a-b5848d2e07d7?cldtidx=13&cldtsrc=listPage,7ª serie 1.5 TGI DSG 5p. Executive
Autosalone Gaspari E Gastaldi Srl,SEAT Ibiza,IT,36021 Villaga - Vicenza - Vi,4ec4ec26-11bb-4b29-9f95-b8d50fa1804f,2,19000,https://www.autoscout24.it/annunci/seat-ibiza-1-0-tgi-5p-fr-metano-4ec4ec26-11bb-4b29-9f95-b8d50fa1804f?cldtidx=14&cldtsrc=listPage,1.0 TGI 5p. FR
Scotti & co. srl,Audi A5,Scotti Ugo Automobili,IT,7ce06bf8-66a1-4bbe-a817-f167e261e2a4,2,54500,https://www.autoscout24.it/annunci/audi-a5-spb-40-g-tron-s-tronic-advanced-metano-bianco-7ce06bf8-66a1-4bbe-a817-f167e261e2a4?cldtidx=15&cldtsrc=listPage,SPB 40 g-tron S tronic Advanced
Autovega Srl,SEAT Ibiza,IT,36100 Vicenza - Vi,799fc22b-71f1-49f2-877b-0e8312eb6285,12,17500,https://www.autoscout24.it/annunci/seat-ibiza-1-0-tgi-5p-fr-metano-bianco-799fc22b-71f1-49f2-877b-0e8312eb6285?cldtidx=16&cldtsrc=listPage,1.0 TGI 5p. FR
Scarabel Spa,Volkswagen up!,IT,35129 Padova - Pd,b8afa304-be66-4d98-8616-92905d2c3454,12,13500,https://www.autoscout24.it/annunci/volkswagen-up-1-0-5p-eco-move-bluemotion-technology-87724-metano-argento-b8afa304-be66-4d98-8616-92905d2c3454?cldtidx=17&cldtsrc=listPage,1.0 5p. eco move BlueMotion Technology 87724
Sassi Srl,SEAT Ibiza,IT,20025 Legnano - Milano - Mi,5c9adc77-bdaa-4d3c-81a4-cebe9a04c79b,2,17850,https://www.autoscout24.it/annunci/seat-ibiza-1-0-tgi-5p-fr-metano-blu-azzurro-5c9adc77-bdaa-4d3c-81a4-cebe9a04c79b?cldtidx=18&cldtsrc=listPage,1.0 TGI 5p. FR
Autosalone Cavour Srl,Volkswagen Golf,IT,44122 Ferrara - Fe,d944906d-c839-44fe-8379-bddf4b47744e,2,25400,https://www.autoscout24.it/annunci/volkswagen-golf-7-serie-1-5-tgi-dsg-5p-executive-bluemotion-tech-metano-bianco-d944906d-c839-44fe-8379-bddf4b47744e?cldtidx=19&cldtsrc=listPage,7ª serie 1.5 TGI DSG 5p. Executive BlueMotion Tech
Autosalone Cavour Srl,Volkswagen Golf,IT,44122 Ferrara - Fe,f75c4ce5-f124-494a-a9cf-3bb36d1b6b54,2,22900,https://www.autoscout24.it/annunci/volkswagen-golf-7-serie-1-5-tgi-dsg-5p-trendline-metano-grigio-f75c4ce5-f124-494a-a9cf-3bb36d1b6b54?cldtidx=20&cldtsrc=listPage,7ª serie 1.5 TGI DSG 5p. Trendline
Autosalone Cavour Srl,Volkswagen Polo,IT,44122 Ferrara - Fe,a42a1440-f583-440a-bcdf-0b618bc8b04d,1,22300,https://www.autoscout24.it/annunci/volkswagen-polo-6-serie-1-0-tgi-5p-sport-metano-argento-a42a1440-f583-440a-bcdf-0b618bc8b04d?cldtidx=1&cldtsrc=listPage,6ª serie 1.0 TGI 5p. Sport
Autovega Srl,SEAT Ibiza,IT,36060 Romano D'Ezzelino - Vicenza - Vi,e6b727fc-a833-40cd-9833-b7133d622ebd,41,19400,https://www.autoscout24.it/annunci/seat-ibiza-1-0-tgi-5p-fr-metano-argento-e6b727fc-a833-40cd-9833-b7133d622ebd?cldtidx=2&cldtsrc=listPage,1.0 TGI 5p. FR
Piemme Auto di Mechetti Srl,Skoda Scala,IT,50053 Empoli - Firenze,2c4a671b-8fcc-41ec-a8f5-a460fa2f17f7,41,21090,https://www.autoscout24.it/annunci/skoda-scala-1-0-g-tec-sport-metano-argento-2c4a671b-8fcc-41ec-a8f5-a460fa2f17f7?cldtidx=3&cldtsrc=listPage,1.0 G-Tec Sport
Autosalone Cavour Srl,Volkswagen up!,IT,44122 Ferrara - Fe,610b7ff6-f15e-4136-bd03-dab967cea527,1,15000,https://www.autoscout24.it/annunci/volkswagen-up-1-0-5p-eco-move-up-metano-rosso-610b7ff6-f15e-4136-bd03-dab967cea527?cldtidx=4&cldtsrc=listPage,1.0 5p. eco move up!
Top Dealer '05,Volkswagen Golf,IT,45100 Rovigo - Ro,5b78fed0-f39f-446c-b80c-23125239e44e,41,23499,https://www.autoscout24.it/annunci/volkswagen-golf-1-5tgi-dsg-5p-business-bluemotion-nuova-metano-grigio-5b78fed0-f39f-446c-b80c-23125239e44e?cldtidx=5&cldtsrc=listPage,1.5TGI DSG 5p. Business BlueMotion NUOVA
Autosalone Cavour Srl,Volkswagen Golf,IT,44122 Ferrara - Fe,f33c7c0d-e427-472c-bd6f-8e82dd1b11b6,41,24900,https://www.autoscout24.it/annunci/volkswagen-golf-1-5-tgi-130cv-5p-business-metano-bianco-f33c7c0d-e427-472c-bd6f-8e82dd1b11b6?cldtidx=6&cldtsrc=listPage,1.5 TGI 130CV 5p. Business
Autosalone Cavour Srl,Volkswagen Golf,IT,44122 Ferrara - Fe,a57c3343-4cd5-4bd3-83e4-4d45567f2502,1,22700,https://www.autoscout24.it/annunci/volkswagen-golf-7-serie-1-5-tgi-dsg-trendline-metano-argento-a57c3343-4cd5-4bd3-83e4-4d45567f2502?cldtidx=7&cldtsrc=listPage,7ª serie 1.5 TGI DSG Trendline
Scarabel Spa,Volkswagen Golf,IT,35129 Padova - Pd,f40c81ae-04b8-4b4a-8c44-c2c29bef27f1,41,23700,https://www.autoscout24.it/annunci/volkswagen-golf-7-serie-1-5-tgi-dsg-5p-business-bluemotion-techn-metano-grigio-f40c81ae-04b8-4b4a-8c44-c2c29bef27f1?cldtidx=8&cldtsrc=listPage,7ª serie 1.5 TGI DSG 5p. Business BlueMotion Techn
Autosalone Cavour Srl,Volkswagen Polo,IT,44122 Ferrara - Fe,4f95a8b7-3600-47d0-bf53-2a5114571fcc,1,22300,https://www.autoscout24.it/annunci/volkswagen-polo-6-serie-1-0-tgi-5p-sport-metano-grigio-4f95a8b7-3600-47d0-bf53-2a5114571fcc?cldtidx=9&cldtsrc=listPage,6ª serie 1.0 TGI 5p. Sport
Torino Motors,Volkswagen up!,IT,27058 Voghera - Pavia - Pv,60ad9bba-e94e-4d0f-9dfa-ae3913533d9e,1,14500,https://www.autoscout24.it/annunci/volkswagen-up-1-0-5p-eco-move-up-bluemotion-technolo-metano-bianco-60ad9bba-e94e-4d0f-9dfa-ae3913533d9e?cldtidx=10&cldtsrc=listPage,1.0 5p. eco move up! BlueMotion Technolo
Grand Prix Srl,SEAT Ibiza,Pietro Lorusso,IT,46de1a45-a3f0-49d8-b89a-ec9917aaafdc,41,15500,https://www.autoscout24.it/annunci/seat-ibiza-ibiza-business-tgi-metano-90cv-metano-bianco-46de1a45-a3f0-49d8-b89a-ec9917aaafdc?cldtidx=11&cldtsrc=listPage,Ibiza Business TGI metano 90cv
Autovega Srl,Volkswagen Golf,IT,36060 Romano D'Ezzelino - Vicenza - Vi,9a3c7252-6d1c-4be6-910a-701719382a08,41,23500,https://www.autoscout24.it/annunci/volkswagen-golf-1-5-tgi-dsg-5p-business-bluemotion-technology-metano-grigio-9a3c7252-6d1c-4be6-910a-701719382a08?cldtidx=12&cldtsrc=listPage,1.5 TGI DSG 5p. Business BlueMotion Technology
Autosalone Cavour Srl,Volkswagen up!,IT,44122 Ferrara - Fe,82f66edc-a6b0-45ec-b322-e3a2c78a4f1c,1,15700,https://www.autoscout24.it/annunci/volkswagen-up-1-0-5p-eco-up-metano-metano-blu-azzurro-82f66edc-a6b0-45ec-b322-e3a2c78a4f1c?cldtidx=13&cldtsrc=listPage,1.0 5p. ECO UP! METANO
De Bona Motors Vicenza,Lancia Ypsilon,IT,36100 Vicenza,52fd78e9-25f5-48ba-b481-72901c402551,41,14350,https://www.autoscout24.it/annunci/lancia-ypsilon-0-9-t-air-elefantino-blu-ecochic-metano-70cv-my19-metano-grigio-52fd78e9-25f5-48ba-b481-72901c402551?cldtidx=14&cldtsrc=listPage,0.9 t.air Elefantino Blu ecochic metano 70cv my19
Gruppo VAuto - Alessandria,SEAT Ibiza,IT,15121 Alessandria - Al,f3b10324-5a28-4645-83ff-c6a9008e3b5e,1,18300,https://www.autoscout24.it/annunci/seat-ibiza-1-0-tgi-5p-fr-metano-bianco-f3b10324-5a28-4645-83ff-c6a9008e3b5e?cldtidx=15&cldtsrc=listPage,1.0 TGI 5p. FR
Gruppo VAuto - Verbania,SEAT Ibiza,IT,28921 Verbania - Vb,00b85ae5-7177-4e65-97e3-f78498e64391,1,18300,https://www.autoscout24.it/annunci/seat-ibiza-1-0-tgi-5p-fr-metano-bianco-00b85ae5-7177-4e65-97e3-f78498e64391?cldtidx=16&cldtsrc=listPage,1.0 TGI 5p. FR
Gruppo Vauto sede Vercelli,SEAT Ibiza,IT,13100 Vercelli - Vc,fc1f3ead-8103-4f36-afb3-6a5628543d03,1,18300,https://www.autoscout24.it/annunci/seat-ibiza-1-0-tgi-5p-fr-metano-bianco-fc1f3ead-8103-4f36-afb3-6a5628543d03?cldtidx=17&cldtsrc=listPage,1.0 TGI 5p. FR
Gruppo VAuto - Novara ( Cameri),SEAT Ibiza,IT,28062 Cameri - Novara - No,f342bd1e-ca0a-41c9-97af-b6f924012cb1,1,18300,https://www.autoscout24.it/annunci/seat-ibiza-1-0-tgi-5p-fr-metano-bianco-f342bd1e-ca0a-41c9-97af-b6f924012cb1?cldtidx=18&cldtsrc=listPage,1.0 TGI 5p. FR
Gruppo VAuto - Biella ( Gaglianico),SEAT Ibiza,IT,13894 Gaglianico - Biella - Bi,b5768106-2ba8-4d00-915f-86d7277062d7,1,18300,https://www.autoscout24.it/annunci/seat-ibiza-1-0-tgi-5p-fr-metano-bianco-b5768106-2ba8-4d00-915f-86d7277062d7?cldtidx=19&cldtsrc=listPage,1.0 TGI 5p. FR
Ulisse Cattaneo Srl,Volkswagen Golf,IT,24060 San Paolo d' Aragon - Bergamo - Bg,c27eab44-64a5-4de1-ad9a-33cce74a1108,1,24499,https://www.autoscout24.it/annunci/volkswagen-golf-1-5-tgi-metano-comfort-130cv-dsg-metano-nero-c27eab44-64a5-4de1-ad9a-33cce74a1108?cldtidx=20&cldtsrc=listPage,1.5 TGI METANO COMFORT 130CV DSG
Piemme Auto di Mechetti Srl,Skoda Scala,IT,50053 Empoli - Firenze,e3fd7329-21ec-4dd8-a7e5-9ec1ab80daf6,12,21090,https://www.autoscout24.it/annunci/skoda-scala-1-0-g-tec-sport-metano-argento-e3fd7329-21ec-4dd8-a7e5-9ec1ab80daf6?cldtidx=1&cldtsrc=listPage,1.0 G-Tec Sport
Autotrend srl,SEAT Ibiza,IT,13037 Serravalle Sesia - Vercelli - Vc,a8d3e765-d891-478a-84c9-e0214c56e0c6,2,18850,https://www.autoscout24.it/annunci/seat-ibiza-1-0-tgi-5p-fr-metano-bianco-a8d3e765-d891-478a-84c9-e0214c56e0c6?cldtidx=2&cldtsrc=listPage,1.0 TGI 5p. FR
Autotrend srl,SEAT Leon,IT,13037 Serravalle Sesia - Vercelli - Vc,e2bddad7-a39f-4643-98ea-45103c297287,2,21750,https://www.autoscout24.it/annunci/seat-leon-1-5-tgi-dsg-5p-style-metano-nero-e2bddad7-a39f-4643-98ea-45103c297287?cldtidx=3&cldtsrc=listPage,1.5 TGI DSG 5p. Style
Autovega Srl,SEAT Leon,IT,36060 Romano D'Ezzelino - Vicenza - Vi,45217cf4-0a29-4358-a45b-49412812212c,12,23900,https://www.autoscout24.it/annunci/seat-leon-1-5-tgi-dsg-5p-fr-metano-argento-45217cf4-0a29-4358-a45b-49412812212c?cldtidx=4&cldtsrc=listPage,1.5 TGI DSG 5p. FR
Borsoi srl,SEAT Ibiza,IT,31100 Treviso - TV,db658fcd-b745-4e79-9445-b1709672ec46,12,16750,https://www.autoscout24.it/annunci/seat-ibiza-1-0-tgi-5p-fr-metano-bianco-db658fcd-b745-4e79-9445-b1709672ec46?cldtidx=5&cldtsrc=listPage,1.0 TGI 5p. FR
Autovega Srl,SEAT Ibiza,IT,36060 Romano D'Ezzelino - Vicenza - Vi,2129c528-aef3-4a68-a1fe-79fc85d167a7,12,18500,https://www.autoscout24.it/annunci/seat-ibiza-1-0-tgi-5p-style-metano-argento-2129c528-aef3-4a68-a1fe-79fc85d167a7?cldtidx=6&cldtsrc=listPage,1.0 TGI 5p. Style
Ceccato Automobili Spa – Vicenza,Volkswagen Golf,IT,36100 Vicenza - Vi,36d98252-1b7d-4a4a-a931-53b339ea1d8c,12,31560,https://www.autoscout24.it/annunci/volkswagen-golf-1-5-tgi-bluemotion-executive-96-kw-130-cv-man-metano-argento-36d98252-1b7d-4a4a-a931-53b339ea1d8c?cldtidx=7&cldtsrc=listPage,1.5 TGI BlueMotion Executive 96 kW/ 130 CV man
Autovega Srl,Volkswagen Golf,IT,36060 Romano D'Ezzelino - Vicenza - Vi,0922e8cd-c6a1-45c5-94f9-7b7f3500b806,12,26650,https://www.autoscout24.it/annunci/volkswagen-golf-1-5-tgi-dsg-5p-executive-bluemotion-technology-metano-argento-0922e8cd-c6a1-45c5-94f9-7b7f3500b806?cldtidx=8&cldtsrc=listPage,1.5 TGI DSG 5p. Executive BlueMotion Technology
Autovega Srl,Volkswagen Golf,IT,36060 Romano D'Ezzelino - Vicenza - Vi,1a4a2cd5-2cb5-47f8-9479-594e618651a1,12,26800,https://www.autoscout24.it/annunci/volkswagen-golf-1-5-tgi-dsg-5p-executive-bluemotion-technology-metano-grigio-1a4a2cd5-2cb5-47f8-9479-594e618651a1?cldtidx=9&cldtsrc=listPage,1.5 TGI DSG 5p. Executive BlueMotion Technology
Union Car Srl,Volkswagen up!,IT,30035 Mirano - Ve,74d0e99f-015b-4630-8978-c9ac7cdc0994,2,12900,https://www.autoscout24.it/annunci/volkswagen-up-1-0-5p-eco-move-up-bluemotion-technology-metano-bianco-74d0e99f-015b-4630-8978-c9ac7cdc0994?cldtidx=10&cldtsrc=listPage,1.0 5p. eco Move Up! BlueMotion Technology
Cosval,Volkswagen up!,IT,20853 Biassono - Mb,7ab52009-4cf9-4f91-9e15-95797e7363a2,12,13960,https://www.autoscout24.it/annunci/volkswagen-up-1-0-5p-eco-move-up-bluemot-metano-benzina-wltp-metano-bianco-7ab52009-4cf9-4f91-9e15-95797e7363a2?cldtidx=11&cldtsrc=listPage,1.0 5p. eco move up! BlueMot METANO/BENZINA WLTP
Bergamin Snc,Volkswagen Golf,IT,35010 Santa Giustina In Colle - Padova - Pd,1414c481-828a-492e-bec7-be13bfd31064,12,23800,https://www.autoscout24.it/annunci/volkswagen-golf-1-5-tgi-dsg-5p-business-metano-grigio-1414c481-828a-492e-bec7-be13bfd31064?cldtidx=12&cldtsrc=listPage,1.5 TGI DSG 5p.BUSINESS
Autokendaf Srl,Fiat Panda,IT,36031 Povolaro di Dueville - Vicenza - Vi,cfd2c4b2-208d-4128-983f-abdd54e612c5,12,14500,https://www.autoscout24.it/annunci/fiat-panda-0-9-twinair-turbo-natural-power-easy-metano-rosso-cfd2c4b2-208d-4128-983f-abdd54e612c5?cldtidx=13&cldtsrc=listPage,0.9 TwinAir Turbo Natural Power Easy
Lombarda Motori spa,SEAT Ibiza,IT,20151 Milano - MI,ca5b65c6-1f09-4123-8e93-204c5e650c67,12,14750,https://www.autoscout24.it/annunci/seat-ibiza-bus-1-0-tgi-90-metano-ecobonus-rottamazione-metano-grigio-ca5b65c6-1f09-4123-8e93-204c5e650c67?cldtidx=14&cldtsrc=listPage,Bus 1.0 TGI 90 METANO ECOBONUS ROTTAMAZIONE
Autostile Spa,Fiat Panda,IT,42124 Reggio Emilia - Re,5a6b3f57-2ca1-f743-e053-e350040ace5d,2,13500,https://www.autoscout24.it/annunci/fiat-panda-0-9-twinair-turbo-natural-power-easy-338-7575187-metano-grigio-5a6b3f57-2ca1-f743-e053-e350040ace5d?cldtidx=15&cldtsrc=listPage,0.9 TwinAir Turbo Natural Power Easy 338.7575187
Silvauto S.p.A,Skoda Kamiq,IT,24064 Grumello del Monte - Bergamo,2462af32-e632-4cf2-b409-5ace8fa4ceec,1,22450,https://www.autoscout24.it/annunci/skoda-kamiq-1-0-g-tec-style-90-cv-my-20-metano-bianco-2462af32-e632-4cf2-b409-5ace8fa4ceec?cldtidx=1&cldtsrc=listPage,1.0 G-TEC STYLE 90 CV MY’ 20
Rinaldi Spa,Audi A4,IT,10098 Rivoli - Torino - To,f0174366-c82c-48f1-b997-2866bf2550a2,1,40400,https://www.autoscout24.it/annunci/audi-a4-a4-avant-g-tron-40-s-tronic-metano-nero-f0174366-c82c-48f1-b997-2866bf2550a2?cldtidx=2&cldtsrc=listPage,A4 AVANT G-TRON 40 S TRONIC
Segreto Automobili,SEAT Ibiza,IT,20040 Cambiago - Milano,6a849aeb-07e3-42a2-a09e-54f2336247e0,1,14190,https://www.autoscout24.it/annunci/seat-ibiza-my20-metano-da-e-14190-metano-blu-azzurro-6a849aeb-07e3-42a2-a09e-54f2336247e0?cldtidx=3&cldtsrc=listPage,MY20 Metano da E 14190
Sassi Srl,SEAT Arona,IT,20025 Legnano - Milano - Mi,8f1662a2-ea58-4124-b10d-abccb7f0b849,1,19950,https://www.autoscout24.it/annunci/seat-arona-1-0-tgi-xcellence-metano-bianco-8f1662a2-ea58-4124-b10d-abccb7f0b849?cldtidx=4&cldtsrc=listPage,1.0 TGI Xcellence
Sassi Srl,SEAT Arona,IT,20025 Legnano - Milano - Mi,bb7c2aee-c542-43de-b916-18bd37b24142,1,18950,https://www.autoscout24.it/annunci/seat-arona-1-0-tgi-style-metano-bianco-bb7c2aee-c542-43de-b916-18bd37b24142?cldtidx=5&cldtsrc=listPage,1.0 TGI Style
Segreto Automobili,SEAT Arona,IT,20040 Cambiago - Milano,554b7695-d276-4d03-8bbb-6138186d01e9,1,13490,https://www.autoscout24.it/annunci/seat-arona-my20-metano-da-e-13490-metano-rosso-554b7695-d276-4d03-8bbb-6138186d01e9?cldtidx=6&cldtsrc=listPage,MY20 Metano da E 13490
Vicentini Spa - VW veicoli commerciali,Volkswagen Caddy,IT,37139 Verona - Vr,410b59d1-236b-4e25-ba13-c9523fb76ab7,41,24000,https://www.autoscout24.it/annunci/volkswagen-caddy-1-4-tgi-110cv-van-maxi-business-e6-metano-bianco-410b59d1-236b-4e25-ba13-c9523fb76ab7?cldtidx=7&cldtsrc=listPage,1.4 tgi 110cv van maxi Business E6
Vicentini Spa - VW veicoli commerciali,Volkswagen Caddy,IT,37139 Verona - Vr,4b64b354-9472-4a9e-a651-32abd6968d10,41,23000,https://www.autoscout24.it/annunci/volkswagen-caddy-1-4-tgi-110cv-van-maxi-business-e6-metano-bianco-4b64b354-9472-4a9e-a651-32abd6968d10?cldtidx=8&cldtsrc=listPage,1.4 tgi 110cv van maxi Business E6
Lombarda Motori spa,SEAT Arona,IT,20151 Milano - MI,07a259d4-799b-46bd-8699-6061b950c1d9,41,19170,https://www.autoscout24.it/annunci/seat-arona-1-0-tgi-style-promo-web-rottamazione-metano-bianco-07a259d4-799b-46bd-8699-6061b950c1d9?cldtidx=9&cldtsrc=listPage,1.0 TGI Style PROMO WEB ROTTAMAZIONE
Audi Zentrum Bologna – Penske Automotive Italy,Audi A4,IT,40033 Casalecchio di Reno – Bo,d20eee08-148d-4100-a7c4-4141e87aa55a,41,41600,https://www.autoscout24.it/annunci/audi-a4-audi-avant-business-advanced-40-g-tron-125-170-kw-metano-bianco-d20eee08-148d-4100-a7c4-4141e87aa55a?cldtidx=10&cldtsrc=listPage,Audi Avant Business Advanced 40 g-tron 125(170) kW
Audi Zentrum Bologna – Penske Automotive Italy,Audi A4,IT,40033 Casalecchio di Reno – Bo,46ec9f24-6d97-49a8-a698-282906de3112,41,40600,https://www.autoscout24.it/annunci/audi-a4-audi-avant-business-advanced-40-g-tron-125-170-kw-metano-grigio-46ec9f24-6d97-49a8-a698-282906de3112?cldtidx=11&cldtsrc=listPage,Audi Avant Business Advanced 40 g-tron 125(170) kW
Audi Zentrum Bologna - Penske Automotive Italy,Audi A4,IT,40138 Bologna - Bo,6df0537d-d221-486b-868e-947efa760839,41,41600,https://www.autoscout24.it/annunci/audi-a4-audi-avant-business-advanced-40-g-tron-125-170-kw-metano-bianco-6df0537d-d221-486b-868e-947efa760839?cldtidx=12&cldtsrc=listPage,Audi Avant Business Advanced 40 g-tron 125(170) kW
Audi Zentrum Bologna - Penske Automotive Italy,Audi A4,IT,40138 Bologna - Bo,e0c9cb13-c1fd-4bcf-9c73-6b81c5fc134e,41,40600,https://www.autoscout24.it/annunci/audi-a4-audi-avant-business-advanced-40-g-tron-125-170-kw-metano-grigio-e0c9cb13-c1fd-4bcf-9c73-6b81c5fc134e?cldtidx=13&cldtsrc=listPage,Audi Avant Business Advanced 40 g-tron 125(170) kW
Segreto Automobili,Volkswagen up!,IT,20040 Cambiago - Milano,976b55d0-cf51-40a6-8e03-e9b9d2f77460,1,11590,https://www.autoscout24.it/annunci/volkswagen-up-metano-da-e-11590-metano-blu-azzurro-976b55d0-cf51-40a6-8e03-e9b9d2f77460?cldtidx=14&cldtsrc=listPage,Metano da E 11590
Segreto Automobili,Volkswagen Golf,IT,20040 Cambiago - Milano,f9441162-65d7-49c9-b215-95a50f0af693,1,25990,https://www.autoscout24.it/annunci/volkswagen-golf-metano-da-e-25990-metano-grigio-f9441162-65d7-49c9-b215-95a50f0af693?cldtidx=15&cldtsrc=listPage,Metano da E 25990
Segreto Automobili,Volkswagen Polo,IT,20040 Cambiago - Milano,6a8f026f-661a-43cb-8746-0cebe1c3c7e5,1,14790,https://www.autoscout24.it/annunci/volkswagen-polo-metano-da-e-14790-metano-grigio-6a8f026f-661a-43cb-8746-0cebe1c3c7e5?cldtidx=16&cldtsrc=listPage,Metano da E 14790
Segreto Automobili,SEAT Ibiza,IT,20040 Cambiago - Milano,de7bd01b-9705-43f1-8910-d40a80f1d3ef,1,14090,https://www.autoscout24.it/annunci/seat-ibiza-metano-da-e-14090-metano-blu-azzurro-de7bd01b-9705-43f1-8910-d40a80f1d3ef?cldtidx=17&cldtsrc=listPage,Metano da E 14090
Segreto Automobili,Skoda Kamiq,IT,20040 Cambiago - Milano,2cae83a4-92b2-478f-94cf-b2f290583c3d,1,17590,https://www.autoscout24.it/annunci/skoda-kamiq-metano-da-e-17590-metano-blu-azzurro-2cae83a4-92b2-478f-94cf-b2f290583c3d?cldtidx=18&cldtsrc=listPage,Metano da E 17590
Segreto Automobili,SEAT Arona,IT,20040 Cambiago - Milano,e78bcc53-668e-41d6-8283-fed515425ada,1,13590,https://www.autoscout24.it/annunci/seat-arona-metano-da-e-13590-metano-rosso-e78bcc53-668e-41d6-8283-fed515425ada?cldtidx=19&cldtsrc=listPage,Metano da E 13590
Pelloni Auto Spa,DR Motor DR6,IT,41122 Modena - Mo,a9308fe9-6cee-46a3-919b-3eb3325f49e8,1,20900,https://www.autoscout24.it/annunci/dr-motor-dr6-1-5-t-bifuel-gpl-garanzia-fino-8-anni-pelloni-auto-metano-bianco-a9308fe9-6cee-46a3-919b-3eb3325f49e8?cldtidx=20&cldtsrc=listPage,1.5-T BIFUEL GPL GARANZIA FINO 8 ANNI PELLONI AUTO
Pelloni Auto Spa,DR Motor,IT,41122 Modena - Mo,9b669328-94d5-4317-a4cd-7e68d5962a85,1,17400,https://www.autoscout24.it/annunci/dr-motor-evo-1-6metano-fino-8-anni-di-garanzia-pelloni-auto-metano-nero-9b669328-94d5-4317-a4cd-7e68d5962a85?cldtidx=1&cldtsrc=listPage,EVO 1.6METANO FINo 8 ANNI DI GARANZIA PELLONI AUTO
Pelloni Auto Spa,DR Motor DR4,IT,41122 Modena - Mo,41046acc-0ea9-4d87-8eed-1a3f57d48795,1,19400,https://www.autoscout24.it/annunci/dr-motor-dr4-1-6-b-metano-fino-8-anni-di-garanzia-pelloni-auto-metano-grigio-41046acc-0ea9-4d87-8eed-1a3f57d48795?cldtidx=2&cldtsrc=listPage,1.6 B-METANO FINO 8 ANNI DI GARANZIA PELLONI AUTO
Valmotor di Rinaldi Spa,Audi A4,IT,10073 Ciriè - Torino - To,5edc403c-99e8-42c1-b982-965206b2e09b,1,40400,https://www.autoscout24.it/annunci/audi-a4-a4-avant-g-tron-40-s-tronic-metano-grigio-5edc403c-99e8-42c1-b982-965206b2e09b?cldtidx=3&cldtsrc=listPage,A4 AVANT G-TRON 40 S TRONIC
Segreto Automobili,Lancia Ypsilon,IT,20040 Cambiago - Milano,099ae771-b111-4d3a-9cb4-4bcf1a73d28a,1,11790,https://www.autoscout24.it/annunci/lancia-ypsilon-metano-da-e-11790-metano-rosso-099ae771-b111-4d3a-9cb4-4bcf1a73d28a?cldtidx=4&cldtsrc=listPage,Metano da E 11790
Fast Car srl,SEAT Arona,IT,45030 Occhiobello - Rovigo - Ro,bfc01546-b688-4da2-be9a-163791245db6,1,19900,https://www.autoscout24.it/annunci/seat-arona-1-0-tgi-style-nuovo-pronta-consegna-metano-bianco-bfc01546-b688-4da2-be9a-163791245db6?cldtidx=5&cldtsrc=listPage,1.0 TGI STYLE NUOVO PRONTA CONSEGNA
Torino Auto Spa,Fiat Doblo,IT,10137 Torino - To,d79c174e-1ffb-4efc-a026-120ed42cb826,41,15350,https://www.autoscout24.it/annunci/fiat-doblo-1-4tjet-120cv-maxi-lungo-metano-lounge-3-p-metano-bianco-d79c174e-1ffb-4efc-a026-120ed42cb826?cldtidx=6&cldtsrc=listPage,' 1.4TJET 120CV MAXI LUNGO METANO LOUNGE 3 P
Bimauto Srl,Volkswagen Caddy,IT,15122 Alessandria,ac46ef69-421c-4bd0-9ce2-a5a2f0b5f31f,12,30000,https://www.autoscout24.it/annunci/volkswagen-caddy-1-4-tgi-plus-maxi-metano-grigio-ac46ef69-421c-4bd0-9ce2-a5a2f0b5f31f?cldtidx=1&cldtsrc=listPage,1.4 TGI Plus Maxi
Autovega Srl,Volkswagen Caddy,IT,36100 Vicenza - Vi,355d0e4e-b71a-4d05-8335-1b07bd3163ab,12,30150,https://www.autoscout24.it/annunci/volkswagen-caddy-plus-metano-5-posti-1-4-tgi-110-cv-metano-bianco-355d0e4e-b71a-4d05-8335-1b07bd3163ab?cldtidx=2&cldtsrc=listPage,PLUS METANO 5 POSTI 1.4 TGI 110 CV
Autovega Srl,Volkswagen Caddy,IT,36100 Vicenza - Vi,7d56a064-31d8-4964-a403-a39e359f1382,12,29400,https://www.autoscout24.it/annunci/volkswagen-caddy-plus-metano-5-posti-1-4-tgi-110-cv-metano-rosso-7d56a064-31d8-4964-a403-a39e359f1382?cldtidx=3&cldtsrc=listPage,PLUS METANO 5 POSTI 1.4 TGI 110 CV
Autovega Srl,Volkswagen Caddy,IT,36100 Vicenza - Vi,953e87a6-333e-4af8-bcfe-a5320d9b5a31,12,30200,https://www.autoscout24.it/annunci/volkswagen-caddy-plus-metano-5-posti-1-4-tgi-110-cv-metano-grigio-953e87a6-333e-4af8-bcfe-a5320d9b5a31?cldtidx=4&cldtsrc=listPage,PLUS METANO 5 POSTI 1.4 TGI 110 CV
Autovega Srl,Volkswagen Caddy,IT,36100 Vicenza - Vi,9e75af4e-fe62-485f-9332-7486054306bd,12,29800,https://www.autoscout24.it/annunci/volkswagen-caddy-plus-maxi-7-posti-1-4-tgi-110-cv-metano-bianco-9e75af4e-fe62-485f-9332-7486054306bd?cldtidx=5&cldtsrc=listPage,PLUS MAXI 7 POSTI 1.4 TGI 110 CV
Luigi Ronconi & Figli Srl,Volkswagen Caddy,IT,45100 Rovigo - Ro,a5024c3f-2f1b-4e33-ae0d-3b4400a40405,12,21950,https://www.autoscout24.it/annunci/volkswagen-caddy-1-4-tgi-furgone-business-maxi-metano-bianco-a5024c3f-2f1b-4e33-ae0d-3b4400a40405?cldtidx=6&cldtsrc=listPage,1.4 TGI Furgone Business Maxi
Luigi Ronconi & Figli Srl,Volkswagen Caddy,IT,45100 Rovigo - Ro,81e35f0c-1690-4cbd-8d7c-60aba2f975c6,12,28400,https://www.autoscout24.it/annunci/volkswagen-caddy-1-4-tgi-plus-maxi-metano-nero-81e35f0c-1690-4cbd-8d7c-60aba2f975c6?cldtidx=7&cldtsrc=listPage,1.4 TGI Plus Maxi
Bimauto Srl,Volkswagen Caddy,IT,14100 Asti - At,49897e3c-7ae4-4f6f-964a-dfb5da5eb8b9,12,17900,https://www.autoscout24.it/annunci/volkswagen-caddy-saaag4-metano-bianco-49897e3c-7ae4-4f6f-964a-dfb5da5eb8b9?cldtidx=8&cldtsrc=listPage,SAAAG4
Autovega Srl,Volkswagen Caddy,IT,36100 Vicenza - Vi,3e0bbfb6-c839-45da-9cad-08db7fb100ae,12,29800,https://www.autoscout24.it/annunci/volkswagen-caddy-plus-maxi-7-posti-1-4-tgi-110-cv-metano-bianco-3e0bbfb6-c839-45da-9cad-08db7fb100ae?cldtidx=9&cldtsrc=listPage,PLUS MAXI 7 POSTI 1.4 TGI 110 CV
Martignoniauto Srl,Volkswagen Caddy,IT,21052 Busto Arsizio - Varese - Va,8a4bbd90-5784-45b2-875c-476dc06242c4,12,33350,https://www.autoscout24.it/annunci/volkswagen-caddy-metano-plus-maxi-arrivo-settembre-metano-blu-azzurro-8a4bbd90-5784-45b2-875c-476dc06242c4?cldtidx=10&cldtsrc=listPage,METANO Plus Maxi ARRIVO SETTEMBRE
Scarabel Spa,Volkswagen Caddy,IT,35129 Padova - Pd,74073bac-b368-4432-a763-d17fb7fa8dc0,12,27790,https://www.autoscout24.it/annunci/volkswagen-caddy-1-4-tgi-plus-metano-argento-74073bac-b368-4432-a763-d17fb7fa8dc0?cldtidx=11&cldtsrc=listPage,1.4 TGI Plus
Rangoni & Affini spa,Volkswagen Caddy,IT,24045 Castegnato - Bs,9f9b65f2-6447-4f88-b9e1-a862f915feea,2,29900,https://www.autoscout24.it/annunci/volkswagen-caddy-1-4-tgi-plus-maxi-metano-grigio-9f9b65f2-6447-4f88-b9e1-a862f915feea?cldtidx=12&cldtsrc=listPage,1.4 TGI Plus Maxi
Autovega Srl,Volkswagen Caddy,IT,36060 Romano D'Ezzelino - Vicenza - Vi,757d4a98-07ba-4621-a534-c66731c4c7e0,12,30000,https://www.autoscout24.it/annunci/volkswagen-caddy-metano-5-posti-plus-1-4-tgi-110-cv-metano-argento-757d4a98-07ba-4621-a534-c66731c4c7e0?cldtidx=13&cldtsrc=listPage,METANO 5 POSTI PLUS 1.4 TGI 110 CV
Autovega Srl,Volkswagen Caddy,IT,36060 Romano D'Ezzelino - Vicenza - Vi,c682ad21-96e3-4a96-a198-f6d73b026e6d,12,29800,https://www.autoscout24.it/annunci/volkswagen-caddy-metano-5-posti-plus-1-4-tgi-110-cv-metano-beige-c682ad21-96e3-4a96-a198-f6d73b026e6d?cldtidx=14&cldtsrc=listPage,METANO 5 POSTI PLUS 1.4 TGI 110 CV
Autovega Srl,Volkswagen Caddy,IT,36060 Romano D'Ezzelino - Vicenza - Vi,392957ae-efe8-4eca-b197-83b7a2a00e81,12,29950,https://www.autoscout24.it/annunci/volkswagen-caddy-metano-5-posti-plus-1-4-tgi-110-cv-metano-nero-392957ae-efe8-4eca-b197-83b7a2a00e81?cldtidx=15&cldtsrc=listPage,METANO 5 POSTI PLUS 1.4 TGI 110 CV
C.S.A. Centro Servizi Autocarri Srl,Volkswagen Caddy,IT,40011 Anzola Emilia - Bologna - Bo,5159328a-f648-4cf8-b5ae-f4a430cef58d,2,29250,https://www.autoscout24.it/annunci/volkswagen-caddy-1-4-tgi-plus-maxi-metano-7-posti-metano-blu-azzurro-5159328a-f648-4cf8-b5ae-f4a430cef58d?cldtidx=16&cldtsrc=listPage,1.4 TGI Plus Maxi METANO 7 POSTI
Gazzola Spa,Volkswagen Caddy,IT,31033 Castelfranco – Treviso - Tv,a8e9b05b-655d-464a-8fc0-03963f074e1e,2,27980,https://www.autoscout24.it/annunci/volkswagen-caddy-metano-1-4-tgi-110cv-plus-maxi-metano-beige-a8e9b05b-655d-464a-8fc0-03963f074e1e?cldtidx=17&cldtsrc=listPage,Metano 1.4 TGI 110cv Plus Maxi
Gazzola Spa,Volkswagen Caddy,IT,35010 Limena -Pd,5d3ffb95-c062-4417-bd22-c99e657b7034,2,27980,https://www.autoscout24.it/annunci/volkswagen-caddy-metano-1-4-tgi-110cv-plus-maxi-metano-beige-5d3ffb95-c062-4417-bd22-c99e657b7034?cldtidx=18&cldtsrc=listPage,Metano 1.4 TGI 110cv Plus Maxi
C.S.A. Centro Servizi Autocarri Srl,Volkswagen Caddy,IT,40011 Anzola Emilia - Bologna - Bo,1229e3e0-12dc-4547-962a-ea33362f6165,2,28480,https://www.autoscout24.it/annunci/volkswagen-caddy-caddy-1-4-tgi-plus-maxi-metano-7-posti-metano-rosso-1229e3e0-12dc-4547-962a-ea33362f6165?cldtidx=19&cldtsrc=listPage,Caddy 1.4 TGI Plus Maxi METANO 7 POSTI
Rangoni & Affini spa,Volkswagen Caddy,IT,24045 Castegnato - Bs,a78b926e-76f9-4648-a9e3-860bc7b092de,12,30500,https://www.autoscout24.it/annunci/volkswagen-caddy-1-4-tgi-plus-maxi-metano-blu-azzurro-a78b926e-76f9-4648-a9e3-860bc7b092de?cldtidx=20&cldtsrc=listPage,1.4 TGI Plus Maxi
Rangoni & Affini spa,Volkswagen Caddy,IT,24045 Castegnato - Bs,6a36eb68-b74b-40b2-8608-72d7d6c88933,12,25500,https://www.autoscout24.it/annunci/volkswagen-caddy-1-4-tgi-furgone-metano-bianco-6a36eb68-b74b-40b2-8608-72d7d6c88933?cldtidx=1&cldtsrc=listPage,1.4 TGI Furgone
Rangoni & Affini spa,Volkswagen Caddy,IT,24045 Castegnato - Bs,399d327a-e82d-4b7d-87c5-41b3d67b0630,12,18500,https://www.autoscout24.it/annunci/volkswagen-caddy-1-4-tgi-furgone-metano-bianco-399d327a-e82d-4b7d-87c5-41b3d67b0630?cldtidx=2&cldtsrc=listPage,1.4 TGI Furgone
